participantId,totalCount,totalAmountValue,totalAmountCurrency,fundDirection,transactionDate
2031228700000000,568,761822400,CNY,D,2023-06-01T00:00:00+08:00
participantId,transactionType,subTotalAmountValue,subTotalAmountCurrency,fundDirection,counterParticipantId,counterParticipantSubTotalAmountValue,counterParticipantSubTotalAmountCurrency,subTotalCount
2031228700000000,TRANSFER,761822400,CNY,D,105WFSG000000001000,761822400,CNY,568
participantId,transactionRequestId,transactionType,originalTransactionRequestId,transactionTime,amount,currency,fundDirection,counterParticipantId,counterParticipantAmountValue,counterParticipantAmountCurrency,quoteId,quotePrice,transactionId
2031228700000000,80106861315,TRANSFER,,2023-06-01T11:44:08+08:00,1064600,CNY,D,105WFSG000000001000,1064600,CNY,,,2023060119097101000050002379190
2031228700000000,80143878157,TRANSFER,,2023-06-01T14:32:53+08:00,103900,CNY,D,105WFSG000000001000,103900,CNY,,,2023060119097101000420002612389
2031228700000000,80168740247,TRANSFER,,2023-06-01T03:24:01+08:00,50500,CNY,D,105WFSG000000001000,50500,CNY,,,2023053119097101000710002373874
2031228700000000,80431691824,TRANSFER,,2023-06-01T18:18:27+08:00,50700,CNY,D,105WFSG000000001000,50700,CNY,,,2023060119097101000020002626151
2031228700000000,80954324331,TRANSFER,,2023-06-01T23:26:45+08:00,3205000,CNY,D,105WFSG000000001000,3205000,CNY,,,2023060119097101000120002631958
2031228700000000,80109500499,TRANSFER,,2023-06-01T05:54:54+08:00,156900,CNY,D,105WFSG000000001000,156900,CNY,,,2023053119097101000810002366328
2031228700000000,80172924731,TRANSFER,,2023-06-01T15:12:15+08:00,2664500,CNY,D,105WFSG000000001000,2664500,CNY,,,2023060119097101000340002602905
2031228700000000,80481924165,TRANSFER,,2023-06-01T11:55:53+08:00,2666200,CNY,D,105WFSG000000001000,2666200,CNY,,,2023060119097101000420002611734
2031228700000000,80196368288,TRANSFER,,2023-06-01T16:53:34+08:00,2663900,CNY,D,105WFSG000000001000,2663900,CNY,,,2023060119097101000630002431794
2031228700000000,80106174631,TRANSFER,,2023-06-01T15:21:45+08:00,1224200,CNY,D,105WFSG000000001000,1224200,CNY,,,2023060119097101000270002377192
2031228700000000,80181210789,TRANSFER,,2023-06-01T07:31:57+08:00,29300,CNY,D,105WFSG000000001000,29300,CNY,,,2023053119097101000590002371909
2031228700000000,80177619245,TRANSFER,,2023-06-01T16:01:45+08:00,2661200,CNY,D,105WFSG000000001000,2661200,CNY,,,2023060119097101000140002616201
2031228700000000,80206848481,TRANSFER,,2023-06-01T04:54:27+08:00,2656700,CNY,D,105WFSG000000001000,2656700,CNY,,,2023053119097101000970002380765
2031228700000000,80184081011,TRANSFER,,2023-06-01T16:42:45+08:00,1063700,CNY,D,105WFSG000000001000,1063700,CNY,,,2023060119097101000280002625050
2031228700000000,80181286522,TRANSFER,,2023-06-01T21:42:45+08:00,2401200,CNY,D,105WFSG000000001000,2401200,CNY,,,2023060119097101000810002368994
2031228700000000,80103424858,TRANSFER,,2023-06-01T14:52:53+08:00,530800,CNY,D,105WFSG000000001000,530800,CNY,,,2023060119097101000650002383311
2031228700000000,80959840844,TRANSFER,,2023-06-01T17:32:15+08:00,2663200,CNY,D,105WFSG000000001000,2663200,CNY,,,2023060119097101000690002380278
2031228700000000,80190814784,TRANSFER,,2023-06-01T09:37:38+08:00,477600,CNY,D,105WFSG000000001000,477600,CNY,,,2023060119097101000600002623493
2031228700000000,80683662279,TRANSFER,,2023-06-01T08:58:31+08:00,1330300,CNY,D,105WFSG000000001000,1330300,CNY,,,2023060119097101000350002377220
2031228700000000,80533928641,TRANSFER,,2023-06-01T20:10:23+08:00,1064500,CNY,D,105WFSG000000001000,1064500,CNY,,,2023060119097101000230002383884
2031228700000000,80347180184,TRANSFER,,2023-06-01T16:52:23+08:00,157300,CNY,D,105WFSG000000001000,157300,CNY,,,2023060119097101000180002620083
2031228700000000,80123919581,TRANSFER,,2023-06-01T17:01:45+08:00,1865100,CNY,D,105WFSG000000001000,1865100,CNY,,,2023060119097101000690002379122
2031228700000000,80106794053,TRANSFER,,2023-06-01T16:24:04+08:00,956700,CNY,D,105WFSG000000001000,956700,CNY,,,2023060119097101000810002366930
2031228700000000,80399913945,TRANSFER,,2023-06-01T17:07:23+08:00,50700,CNY,D,105WFSG000000001000,50700,CNY,,,2023060119097101000260002634460
2031228700000000,80609426611,TRANSFER,,2023-06-01T21:59:15+08:00,2669500,CNY,D,105WFSG000000001000,2669500,CNY,,,2023060119097101000610002387457
2031228700000000,80197141554,TRANSFER,,2023-06-01T06:03:54+08:00,1061100,CNY,D,105WFSG000000001000,1061100,CNY,,,2023053119097101000470002384612
2031228700000000,80273539588,TRANSFER,,2023-06-01T17:05:23+08:00,531000,CNY,D,105WFSG000000001000,531000,CNY,,,2023060119097101000040002609721
2031228700000000,80136608225,TRANSFER,,2023-06-01T09:04:54+08:00,2771200,CNY,D,105WFSG000000001000,2771200,CNY,,,2023060119097101000170002375924
2031228700000000,80179722095,TRANSFER,,2023-06-01T11:22:59+08:00,2133300,CNY,D,105WFSG000000001000,2133300,CNY,,,2023060119097101000160002629358
2031228700000000,80139982255,TRANSFER,,2023-06-01T19:42:23+08:00,1064300,CNY,D,105WFSG000000001000,1064300,CNY,,,2023060119097101000020002625527
2031228700000000,80869391486,TRANSFER,,2023-06-01T15:32:29+08:00,1063200,CNY,D,105WFSG000000001000,1063200,CNY,,,2023060119097101000060002626615
2031228700000000,80301951438,TRANSFER,,2023-06-01T13:49:23+08:00,116300,CNY,D,105WFSG000000001000,116300,CNY,,,2023060119097101000880002627072
2031228700000000,80187749716,TRANSFER,,2023-06-01T19:16:15+08:00,264100,CNY,D,105WFSG000000001000,264100,CNY,,,2023060119097101000480002626249
2031228700000000,80629826633,TRANSFER,,2023-06-01T18:48:08+08:00,2131500,CNY,D,105WFSG000000001000,2131500,CNY,,,2023060119097101000030002385796
2031228700000000,80204047269,TRANSFER,,2023-06-01T10:35:34+08:00,1101900,CNY,D,105WFSG000000001000,1101900,CNY,,,2023060119097101000400002622193
2031228700000000,80126592829,TRANSFER,,2023-06-01T10:04:54+08:00,3203500,CNY,D,105WFSG000000001000,3203500,CNY,,,2023060119097101000900002607019
2031228700000000,80169663447,TRANSFER,,2023-06-01T16:31:15+08:00,104000,CNY,D,105WFSG000000001000,104000,CNY,,,2023060119097101000040002608590
2031228700000000,80547008011,TRANSFER,,2023-06-01T09:55:15+08:00,530500,CNY,D,105WFSG000000001000,530500,CNY,,,2023060119097101000200002624159
2031228700000000,80157195768,TRANSFER,,2023-06-01T20:24:45+08:00,200100,CNY,D,105WFSG000000001000,200100,CNY,,,2023060119097101000690002380912
2031228700000000,80131298520,TRANSFER,,2023-06-01T18:32:57+08:00,53300,CNY,D,105WFSG000000001000,53300,CNY,,,2023060119097101000630002432523
2031228700000000,80253085969,TRANSFER,,2023-06-01T15:17:45+08:00,690800,CNY,D,105WFSG000000001000,690800,CNY,,,2023060119097101000090002372072
2031228700000000,80201335539,TRANSFER,,2023-06-01T10:39:54+08:00,1064600,CNY,D,105WFSG000000001000,1064600,CNY,,,2023060119097101000530002367227
2031228700000000,80108491051,TRANSFER,,2023-06-01T19:51:24+08:00,1651400,CNY,D,105WFSG000000001000,1651400,CNY,,,2023060119097101000530002369609
2031228700000000,80123914368,TRANSFER,,2023-06-01T11:14:23+08:00,2651700,CNY,D,105WFSG000000001000,2651700,CNY,,,2023053119097101000010002368169
2031228700000000,80159012063,TRANSFER,,2023-06-01T20:33:23+08:00,3463700,CNY,D,105WFSG000000001000,3463700,CNY,,,2023060119097101000690002380914
2031228700000000,80128425874,TRANSFER,,2023-06-01T10:48:53+08:00,3201900,CNY,D,105WFSG000000001000,3201900,CNY,,,2023060119097101000030002384099
2031228700000000,80225273506,TRANSFER,,2023-06-01T11:02:01+08:00,264400,CNY,D,105WFSG000000001000,264400,CNY,,,2023060119097101000900002607419
2031228700000000,80101055410,TRANSFER,,2023-06-01T11:23:45+08:00,1599300,CNY,D,105WFSG000000001000,1599300,CNY,,,2023060119097101000230002381335
2031228700000000,80894035781,TRANSFER,,2023-06-01T08:12:15+08:00,2662900,CNY,D,105WFSG000000001000,2662900,CNY,,,2023060119097101000570002374242
2031228700000000,80518448883,TRANSFER,,2023-06-01T14:13:23+08:00,1330000,CNY,D,105WFSG000000001000,1330000,CNY,,,2023060119097101000530002366420
2031228700000000,80138956363,TRANSFER,,2023-06-01T14:19:01+08:00,1010000,CNY,D,105WFSG000000001000,1010000,CNY,,,2023060119097101000040002608167
2031228700000000,80165214376,TRANSFER,,2023-06-01T08:31:31+08:00,1599500,CNY,D,105WFSG000000001000,1599500,CNY,,,2023060119097101000190002376959
2031228700000000,80199902983,TRANSFER,,2023-06-01T18:49:45+08:00,530900,CNY,D,105WFSG000000001000,530900,CNY,,,2023060119097101000660002645637
2031228700000000,80411991861,TRANSFER,,2023-06-01T07:43:15+08:00,1061100,CNY,D,105WFSG000000001000,1061100,CNY,,,2023053119097101000020002622681
2031228700000000,80785545253,TRANSFER,,2023-06-01T11:14:15+08:00,3201800,CNY,D,105WFSG000000001000,3201800,CNY,,,2023060119097101000460002614891
2031228700000000,80146866108,TRANSFER,,2023-06-01T20:17:15+08:00,50700,CNY,D,105WFSG000000001000,50700,CNY,,,2023060119097101000440002632365
2031228700000000,80583262298,TRANSFER,,2023-06-01T20:44:53+08:00,13300,CNY,D,105WFSG000000001000,13300,CNY,,,2023060119097101000410002374229
2031228700000000,80576534017,TRANSFER,,2023-06-01T15:37:59+08:00,50600,CNY,D,105WFSG000000001000,50600,CNY,,,2023060119097101000320002626575
2031228700000000,80532005991,TRANSFER,,2023-06-01T11:41:04+08:00,50700,CNY,D,105WFSG000000001000,50700,CNY,,,2023060119097101000560002658128
2031228700000000,80766274294,TRANSFER,,2023-06-01T09:48:24+08:00,530500,CNY,D,105WFSG000000001000,530500,CNY,,,2023060119097101000990002381381
2031228700000000,80247815386,TRANSFER,,2023-06-01T13:43:04+08:00,1096000,CNY,D,105WFSG000000001000,1096000,CNY,,,2023060119097101000340002602636
2031228700000000,80755926623,TRANSFER,,2023-06-01T21:20:08+08:00,34700,CNY,D,105WFSG000000001000,34700,CNY,,,2023060119097101000410002374557
2031228700000000,80243642140,TRANSFER,,2023-06-01T20:31:23+08:00,150000,CNY,D,105WFSG000000001000,150000,CNY,,,2023060119097101000420002613750
2031228700000000,80212691674,TRANSFER,,2023-06-01T10:49:54+08:00,1065500,CNY,D,105WFSG000000001000,1065500,CNY,,,2023060119097101000320002626955
2031228700000000,80187634358,TRANSFER,,2023-06-01T11:02:54+08:00,2133600,CNY,D,105WFSG000000001000,2133600,CNY,,,2023060119097101000030002384236
2031228700000000,80111174357,TRANSFER,,2023-06-01T16:23:38+08:00,2662100,CNY,D,105WFSG000000001000,2662100,CNY,,,2023060119097101000840002619690
2031228700000000,80108561212,TRANSFER,,2023-06-01T10:53:15+08:00,1065500,CNY,D,105WFSG000000001000,1065500,CNY,,,2023060119097101000400002622046
2031228700000000,80148270773,TRANSFER,,2023-06-01T11:02:29+08:00,1599500,CNY,D,105WFSG000000001000,1599500,CNY,,,2023060119097101000430002377738
2031228700000000,80146044734,TRANSFER,,2023-06-01T11:27:59+08:00,264300,CNY,D,105WFSG000000001000,264300,CNY,,,2023060119097101000670002368586
2031228700000000,80136774008,TRANSFER,,2023-06-01T16:22:59+08:00,3195100,CNY,D,105WFSG000000001000,3195100,CNY,,,2023060119097101000640002636778
2031228700000000,80230652881,TRANSFER,,2023-06-01T14:30:38+08:00,572900,CNY,D,105WFSG000000001000,572900,CNY,,,2023060119097101000330002373895
2031228700000000,80212563946,TRANSFER,,2023-06-01T17:23:34+08:00,2076700,CNY,D,105WFSG000000001000,2076700,CNY,,,2023060119097101000720002624848
2031228700000000,80159141167,TRANSFER,,2023-06-01T11:46:53+08:00,531100,CNY,D,105WFSG000000001000,531100,CNY,,,2023060119097101000570002375815
2031228700000000,80157371449,TRANSFER,,2023-06-01T09:47:45+08:00,2129800,CNY,D,105WFSG000000001000,2129800,CNY,,,2023060119097101000170002376397
2031228700000000,80151458410,TRANSFER,,2023-06-01T18:23:15+08:00,530700,CNY,D,105WFSG000000001000,530700,CNY,,,2023060119097101000630002431810
2031228700000000,80198920295,TRANSFER,,2023-06-01T19:14:01+08:00,3197800,CNY,D,105WFSG000000001000,3197800,CNY,,,2023060119097101000490002382250
2031228700000000,80184113770,TRANSFER,,2023-06-01T12:35:53+08:00,1065100,CNY,D,105WFSG000000001000,1065100,CNY,,,2023060119097101000300002616689
2031228700000000,80671319718,TRANSFER,,2023-06-01T10:42:01+08:00,157400,CNY,D,105WFSG000000001000,157400,CNY,,,2023060119097101000310002378801
2031228700000000,80683418758,TRANSFER,,2023-06-01T20:59:45+08:00,2664600,CNY,D,105WFSG000000001000,2664600,CNY,,,2023060119097101000160002630173
2031228700000000,80131904280,TRANSFER,,2023-06-01T10:44:15+08:00,104100,CNY,D,105WFSG000000001000,104100,CNY,,,2023060119097101000560002658610
2031228700000000,80168781637,TRANSFER,,2023-06-01T18:39:53+08:00,530800,CNY,D,105WFSG000000001000,530800,CNY,,,2023060119097101000830002380524
2031228700000000,80539262094,TRANSFER,,2023-06-01T07:17:29+08:00,103700,CNY,D,105WFSG000000001000,103700,CNY,,,2023053119097101000600002622767
2031228700000000,80102389944,TRANSFER,,2023-06-01T17:05:15+08:00,797800,CNY,D,105WFSG000000001000,797800,CNY,,,2023060119097101000600002625467
2031228700000000,80485482550,TRANSFER,,2023-06-01T05:35:24+08:00,1061100,CNY,D,105WFSG000000001000,1061100,CNY,,,2023053119097101000170002374469
2031228700000000,80202524777,TRANSFER,,2023-06-01T06:33:15+08:00,263300,CNY,D,105WFSG000000001000,263300,CNY,,,2023053119097101000280002622886
2031228700000000,80140688719,TRANSFER,,2023-06-01T13:57:15+08:00,50700,CNY,D,105WFSG000000001000,50700,CNY,,,2023060119097101000740002607313
2031228700000000,80147191457,TRANSFER,,2023-06-01T11:40:04+08:00,1598300,CNY,D,105WFSG000000001000,1598300,CNY,,,2023060119097101000830002379261
2031228700000000,80109876954,TRANSFER,,2023-06-01T19:10:23+08:00,2665100,CNY,D,105WFSG000000001000,2665100,CNY,,,2023060119097101000030002386123
2031228700000000,80204296123,TRANSFER,,2023-06-01T21:35:53+08:00,1599900,CNY,D,105WFSG000000001000,1599900,CNY,,,2023060119097101000150002381155
2031228700000000,80199391933,TRANSFER,,2023-06-01T16:03:23+08:00,1062900,CNY,D,105WFSG000000001000,1062900,CNY,,,2023060119097101000030002385199
2031228700000000,80137179542,TRANSFER,,2023-06-01T16:03:54+08:00,2661200,CNY,D,105WFSG000000001000,2661200,CNY,,,2023060119097101000890002428205
2031228700000000,80362481109,TRANSFER,,2023-06-01T07:12:38+08:00,50500,CNY,D,105WFSG000000001000,50500,CNY,,,2023053119097101000520002637053
2031228700000000,80147606083,TRANSFER,,2023-06-01T16:32:04+08:00,530500,CNY,D,105WFSG000000001000,530500,CNY,,,2023060119097101000170002377354
2031228700000000,80499870094,TRANSFER,,2023-06-01T10:17:31+08:00,1492800,CNY,D,105WFSG000000001000,1492800,CNY,,,2023060119097101000300002615446
2031228700000000,80112428560,TRANSFER,,2023-06-01T22:06:27+08:00,1065900,CNY,D,105WFSG000000001000,1065900,CNY,,,2023060119097101000230002384149
2031228700000000,80217922320,TRANSFER,,2023-06-01T11:57:34+08:00,2666200,CNY,D,105WFSG000000001000,2666200,CNY,,,2023060119097101000680002626644
2031228700000000,80915383030,TRANSFER,,2023-06-01T21:40:04+08:00,1332800,CNY,D,105WFSG000000001000,1332800,CNY,,,2023060119097101000240002650024
2031228700000000,80752343547,TRANSFER,,2023-06-01T09:47:45+08:00,61300,CNY,D,105WFSG000000001000,61300,CNY,,,2023060119097101000620002589376
2031228700000000,80102644504,TRANSFER,,2023-06-01T18:54:45+08:00,157400,CNY,D,105WFSG000000001000,157400,CNY,,,2023060119097101000140002614499
2031228700000000,80158048801,TRANSFER,,2023-06-01T18:37:45+08:00,370800,CNY,D,105WFSG000000001000,370800,CNY,,,2023060119097101000970002383674
2031228700000000,80116464446,TRANSFER,,2023-06-01T12:55:08+08:00,104000,CNY,D,105WFSG000000001000,104000,CNY,,,2023060119097101000540002611842
2031228700000000,80984957147,TRANSFER,,2023-06-01T16:20:47+08:00,210500,CNY,D,105WFSG000000001000,210500,CNY,,,2023060119097101000540002611916
2031228700000000,80748692319,TRANSFER,,2023-06-01T14:34:45+08:00,1329700,CNY,D,105WFSG000000001000,1329700,CNY,,,2023060119097101000710002376115
2031228700000000,80143280816,TRANSFER,,2023-06-01T16:57:15+08:00,1064000,CNY,D,105WFSG000000001000,1064000,CNY,,,2023060119097101000530002368292
2031228700000000,80176834324,TRANSFER,,2023-06-01T12:52:45+08:00,1170500,CNY,D,105WFSG000000001000,1170500,CNY,,,2023060119097101000080002609553
2031228700000000,80409476451,TRANSFER,,2023-06-01T11:02:34+08:00,2667700,CNY,D,105WFSG000000001000,2667700,CNY,,,2023060119097101000980002600343
2031228700000000,80778458370,TRANSFER,,2023-06-01T16:40:23+08:00,200000,CNY,D,105WFSG000000001000,200000,CNY,,,2023060119097101000170002377764
2031228700000000,80411551164,TRANSFER,,2023-06-01T17:00:47+08:00,50700,CNY,D,105WFSG000000001000,50700,CNY,,,2023060119097101000140002616106
2031228700000000,80124184472,TRANSFER,,2023-06-01T10:44:45+08:00,2665400,CNY,D,105WFSG000000001000,2665400,CNY,,,2023060119097101000050002378255
2031228700000000,80846456436,TRANSFER,,2023-06-01T19:30:53+08:00,53400,CNY,D,105WFSG000000001000,53400,CNY,,,2023060119097101000400002621917
2031228700000000,80372670491,TRANSFER,,2023-06-01T17:14:23+08:00,2132000,CNY,D,105WFSG000000001000,2132000,CNY,,,2023060119097101000730002378059
2031228700000000,80668367898,TRANSFER,,2023-06-01T15:43:45+08:00,2662000,CNY,D,105WFSG000000001000,2662000,CNY,,,2023060119097101000990002382465
2031228700000000,80199069384,TRANSFER,,2023-06-01T10:26:34+08:00,2133700,CNY,D,105WFSG000000001000,2133700,CNY,,,2023060119097101000950002384557
2031228700000000,80159364268,TRANSFER,,2023-06-01T01:21:23+08:00,369600,CNY,D,105WFSG000000001000,369600,CNY,,,2023053119097101000360002624503
2031228700000000,80191445681,TRANSFER,,2023-06-01T08:09:45+08:00,50600,CNY,D,105WFSG000000001000,50600,CNY,,,2023060119097101000270002373320
2031228700000000,80193305858,TRANSFER,,2023-06-01T15:44:23+08:00,530300,CNY,D,105WFSG000000001000,530300,CNY,,,2023060119097101000060002626743
2031228700000000,80650452211,TRANSFER,,2023-06-01T09:29:59+08:00,904000,CNY,D,105WFSG000000001000,904000,CNY,,,2023060119097101000620002584400
2031228700000000,80174017732,TRANSFER,,2023-06-01T17:29:15+08:00,2556500,CNY,D,105WFSG000000001000,2556500,CNY,,,2023060119097101000220002623436
2031228700000000,80203118850,TRANSFER,,2023-06-01T11:36:15+08:00,2131900,CNY,D,105WFSG000000001000,2131900,CNY,,,2023060119097101000160002628329
2031228700000000,80147689569,TRANSFER,,2023-06-01T11:25:01+08:00,1599300,CNY,D,105WFSG000000001000,1599300,CNY,,,2023060119097101000270002376661
2031228700000000,80195951957,TRANSFER,,2023-06-01T17:51:23+08:00,130500,CNY,D,105WFSG000000001000,130500,CNY,,,2023060119097101000630002432672
2031228700000000,80211921118,TRANSFER,,2023-06-01T17:16:15+08:00,1063700,CNY,D,105WFSG000000001000,1063700,CNY,,,2023060119097101000940002609358
2031228700000000,80815707850,TRANSFER,,2023-06-01T18:09:08+08:00,530500,CNY,D,105WFSG000000001000,530500,CNY,,,2023060119097101000890002428547
2031228700000000,80145776181,TRANSFER,,2023-06-01T10:54:29+08:00,2667800,CNY,D,105WFSG000000001000,2667800,CNY,,,2023060119097101000740002606075
2031228700000000,80131712997,TRANSFER,,2023-06-01T19:22:45+08:00,2131500,CNY,D,105WFSG000000001000,2131500,CNY,,,2023060119097101000540002612107
2031228700000000,80462457868,TRANSFER,,2023-06-01T21:46:23+08:00,104200,CNY,D,105WFSG000000001000,104200,CNY,,,2023060119097101000760002622161
2031228700000000,80876137025,TRANSFER,,2023-06-01T14:56:04+08:00,530800,CNY,D,105WFSG000000001000,530800,CNY,,,2023060119097101000270002376898
2031228700000000,80119771116,TRANSFER,,2023-06-01T09:23:27+08:00,2664100,CNY,D,105WFSG000000001000,2664100,CNY,,,2023060119097101000740002606859
2031228700000000,80140363015,TRANSFER,,2023-06-01T10:44:23+08:00,2665400,CNY,D,105WFSG000000001000,2665400,CNY,,,2023060119097101000930002376879
2031228700000000,80399737744,TRANSFER,,2023-06-01T17:14:59+08:00,3199300,CNY,D,105WFSG000000001000,3199300,CNY,,,2023060119097101000070002378275
2031228700000000,80163592826,TRANSFER,,2023-06-01T10:03:57+08:00,1600400,CNY,D,105WFSG000000001000,1600400,CNY,,,2023060119097101000920002622643
2031228700000000,80116164639,TRANSFER,,2023-06-01T16:43:53+08:00,903700,CNY,D,105WFSG000000001000,903700,CNY,,,2023060119097101000950002385812
2031228700000000,80107501365,TRANSFER,,2023-06-01T11:40:29+08:00,1064600,CNY,D,105WFSG000000001000,1064600,CNY,,,2023060119097101000480002624533
2031228700000000,80489983036,TRANSFER,,2023-06-01T17:05:38+08:00,3199300,CNY,D,105WFSG000000001000,3199300,CNY,,,2023060119097101000920002624384
2031228700000000,80121555253,TRANSFER,,2023-06-01T16:11:46+08:00,1531700,CNY,D,105WFSG000000001000,1531700,CNY,,,2023060119097101000890002427797
2031228700000000,80108135501,TRANSFER,,2023-06-01T17:13:15+08:00,2665600,CNY,D,105WFSG000000001000,2665600,CNY,,,2023060119097101000880002627578
2031228700000000,80214495638,TRANSFER,,2023-06-01T09:58:15+08:00,104000,CNY,D,105WFSG000000001000,104000,CNY,,,2023060119097101000720002622979
2031228700000000,80125432742,TRANSFER,,2023-06-01T14:32:24+08:00,1063200,CNY,D,105WFSG000000001000,1063200,CNY,,,2023060119097101000420002612483
2031228700000000,80138829297,TRANSFER,,2023-06-01T09:53:53+08:00,2662900,CNY,D,105WFSG000000001000,2662900,CNY,,,2023060119097101000990002381106
2031228700000000,80141254771,TRANSFER,,2023-06-01T08:26:45+08:00,2667700,CNY,D,105WFSG000000001000,2667700,CNY,,,2023060119097101000020002623372
2031228700000000,80955567317,TRANSFER,,2023-06-01T07:59:29+08:00,795100,CNY,D,105WFSG000000001000,795100,CNY,,,2023053119097101000720002622761
2031228700000000,80493085766,TRANSFER,,2023-06-01T13:58:20+08:00,2237400,CNY,D,105WFSG000000001000,2237400,CNY,,,2023060119097101000800002620954
2031228700000000,80508841520,TRANSFER,,2023-06-01T18:28:23+08:00,1592200,CNY,D,105WFSG000000001000,1592200,CNY,,,2023060119097101000930002379898
2031228700000000,80175752455,TRANSFER,,2023-06-01T18:36:04+08:00,1064300,CNY,D,105WFSG000000001000,1064300,CNY,,,2023060119097101000710002375952
2031228700000000,80269021160,TRANSFER,,2023-06-01T20:39:45+08:00,2663800,CNY,D,105WFSG000000001000,2663800,CNY,,,2023060119097101000290002373591
2031228700000000,80109152112,TRANSFER,,2023-06-01T17:32:15+08:00,1063700,CNY,D,105WFSG000000001000,1063700,CNY,,,2023060119097101000260002634587
2031228700000000,80232413153,TRANSFER,,2023-06-01T11:29:29+08:00,264300,CNY,D,105WFSG000000001000,264300,CNY,,,2023060119097101000140002615391
2031228700000000,80127263192,TRANSFER,,2023-06-01T13:09:23+08:00,2663700,CNY,D,105WFSG000000001000,2663700,CNY,,,2023060119097101000510002393117
2031228700000000,80170622019,TRANSFER,,2023-06-01T18:29:29+08:00,157400,CNY,D,105WFSG000000001000,157400,CNY,,,2023060119097101000840002619544
2031228700000000,80178133417,TRANSFER,,2023-06-01T05:48:59+08:00,529200,CNY,D,105WFSG000000001000,529200,CNY,,,2023053119097101000610002382951
2031228700000000,80113608557,TRANSFER,,2023-06-01T11:29:34+08:00,531300,CNY,D,105WFSG000000001000,531300,CNY,,,2023060119097101000560002658411
2031228700000000,80341208500,TRANSFER,,2023-06-01T12:55:34+08:00,2661000,CNY,D,105WFSG000000001000,2661000,CNY,,,2023060119097101000910002379602
2031228700000000,80211573796,TRANSFER,,2023-06-01T13:44:15+08:00,2130600,CNY,D,105WFSG000000001000,2130600,CNY,,,2023060119097101000990002381708
2031228700000000,80786159994,TRANSFER,,2023-06-01T11:16:01+08:00,531300,CNY,D,105WFSG000000001000,531300,CNY,,,2023060119097101000600002622670
2031228700000000,80945758204,TRANSFER,,2023-06-01T12:34:34+08:00,2666800,CNY,D,105WFSG000000001000,2666800,CNY,,,2023060119097101000860002616528
2031228700000000,80181684790,TRANSFER,,2023-06-01T12:30:23+08:00,2664900,CNY,D,105WFSG000000001000,2664900,CNY,,,2023060119097101000220002623063
2031228700000000,80176428706,TRANSFER,,2023-06-01T10:42:04+08:00,2932200,CNY,D,105WFSG000000001000,2932200,CNY,,,2023060119097101000850002378892
2031228700000000,80167232766,TRANSFER,,2023-06-01T17:27:27+08:00,3196300,CNY,D,105WFSG000000001000,3196300,CNY,,,2023060119097101000160002630786
2031228700000000,80116288706,TRANSFER,,2023-06-01T14:47:23+08:00,221400,CNY,D,105WFSG000000001000,221400,CNY,,,2023060119097101000170002378227
2031228700000000,80547618821,TRANSFER,,2023-06-01T19:33:45+08:00,2131400,CNY,D,105WFSG000000001000,2131400,CNY,,,2023060119097101000740002609128
2031228700000000,80824028888,TRANSFER,,2023-06-01T14:33:45+08:00,3197900,CNY,D,105WFSG000000001000,3197900,CNY,,,2023060119097101000200002624036
2031228700000000,80119683059,TRANSFER,,2023-06-01T19:46:23+08:00,104000,CNY,D,105WFSG000000001000,104000,CNY,,,2023060119097101000560002658996
2031228700000000,80163185610,TRANSFER,,2023-06-01T19:36:34+08:00,2131400,CNY,D,105WFSG000000001000,2131400,CNY,,,2023060119097101000030002384600
2031228700000000,80117736633,TRANSFER,,2023-06-01T22:15:01+08:00,50800,CNY,D,105WFSG000000001000,50800,CNY,,,2023060119097101000950002385486
2031228700000000,80544591243,TRANSFER,,2023-06-01T06:39:15+08:00,1061100,CNY,D,105WFSG000000001000,1061100,CNY,,,2023053119097101000570002374930
2031228700000000,80932821528,TRANSFER,,2023-06-01T07:22:29+08:00,2124800,CNY,D,105WFSG000000001000,2124800,CNY,,,2023053119097101000680002625246
2031228700000000,80769697473,TRANSFER,,2023-06-01T07:16:04+08:00,2127500,CNY,D,105WFSG000000001000,2127500,CNY,,,2023053119097101000220002620317
2031228700000000,80192693511,TRANSFER,,2023-06-01T16:57:24+08:00,1330600,CNY,D,105WFSG000000001000,1330600,CNY,,,2023060119097101000410002373916
2031228700000000,80892775223,TRANSFER,,2023-06-01T09:08:15+08:00,530800,CNY,D,105WFSG000000001000,530800,CNY,,,2023060119097101000530002366493
2031228700000000,80157813174,TRANSFER,,2023-06-01T12:04:29+08:00,1598200,CNY,D,105WFSG000000001000,1598200,CNY,,,2023060119097101000990002382540
2031228700000000,80207896068,TRANSFER,,2023-06-01T17:26:34+08:00,2663200,CNY,D,105WFSG000000001000,2663200,CNY,,,2023060119097101000940002611090
2031228700000000,80933848633,TRANSFER,,2023-06-01T19:50:01+08:00,157400,CNY,D,105WFSG000000001000,157400,CNY,,,2023060119097101000790002383416
2031228700000000,80156324218,TRANSFER,,2023-06-01T16:39:38+08:00,2663300,CNY,D,105WFSG000000001000,2663300,CNY,,,2023060119097101000460002615073
2031228700000000,80166052771,TRANSFER,,2023-06-01T21:17:15+08:00,1600200,CNY,D,105WFSG000000001000,1600200,CNY,,,2023060119097101000010002372475
2031228700000000,80474416723,TRANSFER,,2023-06-01T10:02:08+08:00,531700,CNY,D,105WFSG000000001000,531700,CNY,,,2023060119097101000880002624800
2031228700000000,80210896017,TRANSFER,,2023-06-01T17:28:53+08:00,3196300,CNY,D,105WFSG000000001000,3196300,CNY,,,2023060119097101000860002616424
2031228700000000,80627201432,TRANSFER,,2023-06-01T09:09:29+08:00,1064200,CNY,D,105WFSG000000001000,1064200,CNY,,,2023060119097101000850002377753
2031228700000000,80173095467,TRANSFER,,2023-06-01T14:54:15+08:00,370800,CNY,D,105WFSG000000001000,370800,CNY,,,2023060119097101000580002602331
2031228700000000,80381133626,TRANSFER,,2023-06-01T16:52:15+08:00,1623900,CNY,D,105WFSG000000001000,1623900,CNY,,,2023060119097101000250002373654
2031228700000000,80986383850,TRANSFER,,2023-06-01T16:30:08+08:00,50600,CNY,D,105WFSG000000001000,50600,CNY,,,2023060119097101000360002630881
2031228700000000,80379611073,TRANSFER,,2023-06-01T14:02:34+08:00,50600,CNY,D,105WFSG000000001000,50600,CNY,,,2023060119097101000590002372075
2031228700000000,80171254246,TRANSFER,,2023-06-01T13:58:45+08:00,2664100,CNY,D,105WFSG000000001000,2664100,CNY,,,2023060119097101000780002609290
2031228700000000,80156497293,TRANSFER,,2023-06-01T20:18:45+08:00,1624500,CNY,D,105WFSG000000001000,1624500,CNY,,,2023060119097101000320002626621
2031228700000000,80189999981,TRANSFER,,2023-06-01T11:19:29+08:00,2667200,CNY,D,105WFSG000000001000,2667200,CNY,,,2023060119097101000450002382064
2031228700000000,80102242680,TRANSFER,,2023-06-01T12:59:08+08:00,967900,CNY,D,105WFSG000000001000,967900,CNY,,,2023060119097101000950002384704
2031228700000000,80115309368,TRANSFER,,2023-06-01T09:30:38+08:00,2664100,CNY,D,105WFSG000000001000,2664100,CNY,,,2023060119097101000460002613457
2031228700000000,80112505193,TRANSFER,,2023-06-01T15:53:08+08:00,1008900,CNY,D,105WFSG000000001000,1008900,CNY,,,2023060119097101000110002411095
2031228700000000,80594979556,TRANSFER,,2023-06-01T18:52:45+08:00,2663400,CNY,D,105WFSG000000001000,2663400,CNY,,,2023060119097101000470002385892
2031228700000000,80117288014,TRANSFER,,2023-06-01T18:07:15+08:00,3196600,CNY,D,105WFSG000000001000,3196600,CNY,,,2023060119097101000000002629251
2031228700000000,80125760659,TRANSFER,,2023-06-01T13:42:38+08:00,2130600,CNY,D,105WFSG000000001000,2130600,CNY,,,2023060119097101000530002368889
2031228700000000,80246788476,TRANSFER,,2023-06-01T17:41:24+08:00,2663200,CNY,D,105WFSG000000001000,2663200,CNY,,,2023060119097101000480002626071
2031228700000000,80671813623,TRANSFER,,2023-06-01T17:05:04+08:00,1598300,CNY,D,105WFSG000000001000,1598300,CNY,,,2023060119097101000050002378635
2031228700000000,80865302271,TRANSFER,,2023-06-01T11:45:15+08:00,2932400,CNY,D,105WFSG000000001000,2932400,CNY,,,2023060119097101000100002616869
2031228700000000,80188019261,TRANSFER,,2023-06-01T09:16:59+08:00,3197500,CNY,D,105WFSG000000001000,3197500,CNY,,,2023060119097101000540002609050
2031228700000000,80300337244,TRANSFER,,2023-06-01T20:58:59+08:00,1864400,CNY,D,105WFSG000000001000,1864400,CNY,,,2023060119097101000660002643992
2031228700000000,80754014510,TRANSFER,,2023-06-01T14:02:53+08:00,530400,CNY,D,105WFSG000000001000,530400,CNY,,,2023060119097101000970002383477
2031228700000000,80379005600,TRANSFER,,2023-06-01T14:09:27+08:00,1703100,CNY,D,105WFSG000000001000,1703100,CNY,,,2023060119097101000420002610720
2031228700000000,80101357151,TRANSFER,,2023-06-01T14:12:24+08:00,1596500,CNY,D,105WFSG000000001000,1596500,CNY,,,2023060119097101000460002614623
2031228700000000,80553911947,TRANSFER,,2023-06-01T19:17:54+08:00,3094600,CNY,D,105WFSG000000001000,3094600,CNY,,,2023060119097101000180002618765
2031228700000000,80175787112,TRANSFER,,2023-06-01T15:36:45+08:00,530300,CNY,D,105WFSG000000001000,530300,CNY,,,2023060119097101000790002382757
2031228700000000,80812156240,TRANSFER,,2023-06-01T16:14:23+08:00,50600,CNY,D,105WFSG000000001000,50600,CNY,,,2023060119097101000530002368278
2031228700000000,80641914749,TRANSFER,,2023-06-01T15:56:15+08:00,796000,CNY,D,105WFSG000000001000,796000,CNY,,,2023060119097101000670002368050
2031228700000000,80114506769,TRANSFER,,2023-06-01T10:54:45+08:00,2667800,CNY,D,105WFSG000000001000,2667800,CNY,,,2023060119097101000530002368349
2031228700000000,80175656876,TRANSFER,,2023-06-01T18:50:31+08:00,1864700,CNY,D,105WFSG000000001000,1864700,CNY,,,2023060119097101000910002379531
2031228700000000,80237305988,TRANSFER,,2023-06-01T21:51:23+08:00,531800,CNY,D,105WFSG000000001000,531800,CNY,,,2023060119097101000090002372411
2031228700000000,80291366940,TRANSFER,,2023-06-01T06:58:53+08:00,50500,CNY,D,105WFSG000000001000,50500,CNY,,,2023053119097101000960002624414
2031228700000000,80428339577,TRANSFER,,2023-06-01T10:38:54+08:00,104100,CNY,D,105WFSG000000001000,104100,CNY,,,2023060119097101000420002611367
2031228700000000,80147370804,TRANSFER,,2023-06-01T09:52:15+08:00,1063600,CNY,D,105WFSG000000001000,1063600,CNY,,,2023060119097101000280002625113
2031228700000000,80205163715,TRANSFER,,2023-06-01T15:27:57+08:00,1677600,CNY,D,105WFSG000000001000,1677600,CNY,,,2023060119097101000160002630235
2031228700000000,80746016611,TRANSFER,,2023-06-01T09:39:15+08:00,370900,CNY,D,105WFSG000000001000,370900,CNY,,,2023060119097101000260002632466
2031228700000000,80146876979,TRANSFER,,2023-06-01T17:11:45+08:00,3199300,CNY,D,105WFSG000000001000,3199300,CNY,,,2023060119097101000710002375936
2031228700000000,80136018019,TRANSFER,,2023-06-01T06:20:01+08:00,1592900,CNY,D,105WFSG000000001000,1592900,CNY,,,2023053119097101000510002390385
2031228700000000,80986128318,TRANSFER,,2023-06-01T18:29:45+08:00,2664400,CNY,D,105WFSG000000001000,2664400,CNY,,,2023060119097101000300002617100
2031228700000000,80918503962,TRANSFER,,2023-06-01T15:40:15+08:00,706100,CNY,D,105WFSG000000001000,706100,CNY,,,2023060119097101000970002384323
2031228700000000,80120848427,TRANSFER,,2023-06-01T18:43:15+08:00,1027000,CNY,D,105WFSG000000001000,1027000,CNY,,,2023060119097101000640002637259
2031228700000000,80156533023,TRANSFER,,2023-06-01T14:29:04+08:00,2126900,CNY,D,105WFSG000000001000,2126900,CNY,,,2023060119097101000100002615977
2031228700000000,80134295502,TRANSFER,,2023-06-01T15:08:23+08:00,2126900,CNY,D,105WFSG000000001000,2126900,CNY,,,2023060119097101000490002382184
2031228700000000,80327703269,TRANSFER,,2023-06-01T18:36:45+08:00,1560500,CNY,D,105WFSG000000001000,1560500,CNY,,,2023060119097101000770002374417
2031228700000000,80199281548,TRANSFER,,2023-06-01T11:50:45+08:00,1598700,CNY,D,105WFSG000000001000,1598700,CNY,,,2023060119097101000230002380714
2031228700000000,80185501909,TRANSFER,,2023-06-01T07:48:45+08:00,100000,CNY,D,105WFSG000000001000,100000,CNY,,,2023053119097101000340002600085
2031228700000000,80270997050,TRANSFER,,2023-06-01T11:36:01+08:00,1064600,CNY,D,105WFSG000000001000,1064600,CNY,,,2023060119097101000090002369978
2031228700000000,80174178861,TRANSFER,,2023-06-01T14:54:04+08:00,2611500,CNY,D,105WFSG000000001000,2611500,CNY,,,2023060119097101000430002378005
2031228700000000,80156747544,TRANSFER,,2023-06-01T20:10:08+08:00,157400,CNY,D,105WFSG000000001000,157400,CNY,,,2023060119097101000550002376901
2031228700000000,80155258111,TRANSFER,,2023-06-01T13:28:45+08:00,1063300,CNY,D,105WFSG000000001000,1063300,CNY,,,2023060119097101000190002378291
2031228700000000,80933622582,TRANSFER,,2023-06-01T21:20:54+08:00,50000,CNY,D,105WFSG000000001000,50000,CNY,,,2023060119097101000180002619786
2031228700000000,80894495359,TRANSFER,,2023-06-01T15:52:24+08:00,2000000,CNY,D,105WFSG000000001000,2000000,CNY,,,2023060119097101000580002602487
2031228700000000,80245153621,TRANSFER,,2023-06-01T17:01:29+08:00,2665600,CNY,D,105WFSG000000001000,2665600,CNY,,,2023060119097101000910002380272
2031228700000000,80127066147,TRANSFER,,2023-06-01T08:07:34+08:00,2662900,CNY,D,105WFSG000000001000,2662900,CNY,,,2023060119097101000300002615354
2031228700000000,80187627119,TRANSFER,,2023-06-01T10:11:23+08:00,2669100,CNY,D,105WFSG000000001000,2669100,CNY,,,2023060119097101000100002615601
2031228700000000,80917805519,TRANSFER,,2023-06-01T15:41:45+08:00,50000,CNY,D,105WFSG000000001000,50000,CNY,,,2023060119097101000590002374554
2031228700000000,80651544410,TRANSFER,,2023-06-01T17:17:45+08:00,2132000,CNY,D,105WFSG000000001000,2132000,CNY,,,2023060119097101000200002625551
2031228700000000,80175404375,TRANSFER,,2023-06-01T07:11:53+08:00,2656700,CNY,D,105WFSG000000001000,2656700,CNY,,,2023053119097101000960002625525
2031228700000000,80299012781,TRANSFER,,2023-06-01T19:16:45+08:00,2665100,CNY,D,105WFSG000000001000,2665100,CNY,,,2023060119097101000590002374157
2031228700000000,80515514555,TRANSFER,,2023-06-01T21:02:23+08:00,50000,CNY,D,105WFSG000000001000,50000,CNY,,,2023060119097101000500002607118
2031228700000000,80341064870,TRANSFER,,2023-06-01T06:05:23+08:00,1273800,CNY,D,105WFSG000000001000,1273800,CNY,,,2023053119097101000510002390733
2031228700000000,80111501291,TRANSFER,,2023-06-01T15:32:46+08:00,2662000,CNY,D,105WFSG000000001000,2662000,CNY,,,2023060119097101000250002374480
2031228700000000,80196157763,TRANSFER,,2023-06-01T20:18:45+08:00,3198400,CNY,D,105WFSG000000001000,3198400,CNY,,,2023060119097101000870002381197
2031228700000000,80984937565,TRANSFER,,2023-06-01T09:45:45+08:00,250000,CNY,D,105WFSG000000001000,250000,CNY,,,2023060119097101000160002629159
2031228700000000,80167061765,TRANSFER,,2023-06-01T20:04:45+08:00,77400,CNY,D,105WFSG000000001000,77400,CNY,,,2023060119097101000850002381068
2031228700000000,80136501137,TRANSFER,,2023-06-01T16:42:53+08:00,2530000,CNY,D,105WFSG000000001000,2530000,CNY,,,2023060119097101000330002373178
2031228700000000,80160341926,TRANSFER,,2023-06-01T16:33:27+08:00,3196400,CNY,D,105WFSG000000001000,3196400,CNY,,,2023060119097101000760002621497
2031228700000000,80776990340,TRANSFER,,2023-06-01T08:20:24+08:00,24000,CNY,D,105WFSG000000001000,24000,CNY,,,2023060119097101000730002374128
2031228700000000,80526999823,TRANSFER,,2023-06-01T21:39:34+08:00,104200,CNY,D,105WFSG000000001000,104200,CNY,,,2023060119097101000150002382394
2031228700000000,80169410176,TRANSFER,,2023-06-01T09:04:15+08:00,264100,CNY,D,105WFSG000000001000,264100,CNY,,,2023060119097101000750002373453
2031228700000000,80126215757,TRANSFER,,2023-06-01T15:33:38+08:00,2662000,CNY,D,105WFSG000000001000,2662000,CNY,,,2023060119097101000080002610416
2031228700000000,80995388834,TRANSFER,,2023-06-01T11:39:08+08:00,2665600,CNY,D,105WFSG000000001000,2665600,CNY,,,2023060119097101000850002379341
2031228700000000,80193664242,TRANSFER,,2023-06-01T08:12:29+08:00,157300,CNY,D,105WFSG000000001000,157300,CNY,,,2023060119097101000210002373998
2031228700000000,80137528392,TRANSFER,,2023-06-01T07:26:15+08:00,263300,CNY,D,105WFSG000000001000,263300,CNY,,,2023053119097101000300002614685
2031228700000000,80203772454,TRANSFER,,2023-06-01T08:04:23+08:00,530400,CNY,D,105WFSG000000001000,530400,CNY,,,2023060119097101000700002601311
2031228700000000,80939074686,TRANSFER,,2023-06-01T17:53:53+08:00,2128500,CNY,D,105WFSG000000001000,2128500,CNY,,,2023060119097101000180002619180
2031228700000000,80136942869,TRANSFER,,2023-06-01T16:30:45+08:00,1066400,CNY,D,105WFSG000000001000,1066400,CNY,,,2023060119097101000320002627015
2031228700000000,80916886286,TRANSFER,,2023-06-01T15:43:57+08:00,583600,CNY,D,105WFSG000000001000,583600,CNY,,,2023060119097101000320002626711
2031228700000000,80142769383,TRANSFER,,2023-06-01T07:53:15+08:00,1061100,CNY,D,105WFSG000000001000,1061100,CNY,,,2023053119097101000930002375335
2031228700000000,80333403975,TRANSFER,,2023-06-01T11:02:08+08:00,1385900,CNY,D,105WFSG000000001000,1385900,CNY,,,2023060119097101000650002381319
2031228700000000,80133397599,TRANSFER,,2023-06-01T10:03:45+08:00,638600,CNY,D,105WFSG000000001000,638600,CNY,,,2023060119097101000850002378795
2031228700000000,80155414953,TRANSFER,,2023-06-01T18:43:47+08:00,1064300,CNY,D,105WFSG000000001000,1064300,CNY,,,2023060119097101000510002393031
2031228700000000,80127856489,TRANSFER,,2023-06-01T15:06:29+08:00,3197900,CNY,D,105WFSG000000001000,3197900,CNY,,,2023060119097101000340002602940
2031228700000000,80135660116,TRANSFER,,2023-06-01T08:38:24+08:00,2666800,CNY,D,105WFSG000000001000,2666800,CNY,,,2023060119097101000910002377013
2031228700000000,80526929253,TRANSFER,,2023-06-01T17:06:54+08:00,2665600,CNY,D,105WFSG000000001000,2665600,CNY,,,2023060119097101000350002379542
2031228700000000,80976665991,TRANSFER,,2023-06-01T20:13:23+08:00,530900,CNY,D,105WFSG000000001000,530900,CNY,,,2023060119097101000040002609972
2031228700000000,80409970535,TRANSFER,,2023-06-01T09:17:24+08:00,1064100,CNY,D,105WFSG000000001000,1064100,CNY,,,2023060119097101000100002616395
2031228700000000,80937137300,TRANSFER,,2023-06-01T18:47:15+08:00,1598000,CNY,D,105WFSG000000001000,1598000,CNY,,,2023060119097101000410002373944
2031228700000000,80164263621,TRANSFER,,2023-06-01T16:10:38+08:00,263700,CNY,D,105WFSG000000001000,263700,CNY,,,2023060119097101000630002431947
2031228700000000,80105240946,TRANSFER,,2023-06-01T11:10:01+08:00,691600,CNY,D,105WFSG000000001000,691600,CNY,,,2023060119097101000650002383444
2031228700000000,80195646949,TRANSFER,,2023-06-01T21:59:34+08:00,1493700,CNY,D,105WFSG000000001000,1493700,CNY,,,2023060119097101000150002382398
2031228700000000,80968569321,TRANSFER,,2023-06-01T19:23:23+08:00,104000,CNY,D,105WFSG000000001000,104000,CNY,,,2023060119097101000610002387100
2031228700000000,80173078577,TRANSFER,,2023-06-01T16:02:24+08:00,2128400,CNY,D,105WFSG000000001000,2128400,CNY,,,2023060119097101000350002379801
2031228700000000,80590980535,TRANSFER,,2023-06-01T08:22:23+08:00,1065500,CNY,D,105WFSG000000001000,1065500,CNY,,,2023060119097101000380002618792
2031228700000000,80146759636,TRANSFER,,2023-06-01T12:07:29+08:00,1331400,CNY,D,105WFSG000000001000,1331400,CNY,,,2023060119097101000410002372230
2031228700000000,80190160437,TRANSFER,,2023-06-01T10:14:38+08:00,2669100,CNY,D,105WFSG000000001000,2669100,CNY,,,2023060119097101000090002371419
2031228700000000,80447319200,TRANSFER,,2023-06-01T11:51:15+08:00,24000,CNY,D,105WFSG000000001000,24000,CNY,,,2023060119097101000980002600361
2031228700000000,80781421910,TRANSFER,,2023-06-01T18:10:59+08:00,530500,CNY,D,105WFSG000000001000,530500,CNY,,,2023060119097101000610002385457
2031228700000000,80177728787,TRANSFER,,2023-06-01T14:41:27+08:00,2928500,CNY,D,105WFSG000000001000,2928500,CNY,,,2023060119097101000020002625583
2031228700000000,80142198649,TRANSFER,,2023-06-01T17:48:59+08:00,1595700,CNY,D,105WFSG000000001000,1595700,CNY,,,2023060119097101000620002591826
2031228700000000,80103140665,TRANSFER,,2023-06-01T10:37:23+08:00,530900,CNY,D,105WFSG000000001000,530900,CNY,,,2023060119097101000960002627322
2031228700000000,80115784664,TRANSFER,,2023-06-01T08:49:24+08:00,1223700,CNY,D,105WFSG000000001000,1223700,CNY,,,2023060119097101000500002604086
2031228700000000,80132560755,TRANSFER,,2023-06-01T17:55:45+08:00,530100,CNY,D,105WFSG000000001000,530100,CNY,,,2023060119097101000000002627772
2031228700000000,80192690214,TRANSFER,,2023-06-01T11:55:24+08:00,3200000,CNY,D,105WFSG000000001000,3200000,CNY,,,2023060119097101000940002611038
2031228700000000,80232954800,TRANSFER,,2023-06-01T16:51:23+08:00,1000000,CNY,D,105WFSG000000001000,1000000,CNY,,,2023060119097101000150002381294
2031228700000000,80128492488,TRANSFER,,2023-06-01T07:44:04+08:00,61200,CNY,D,105WFSG000000001000,61200,CNY,,,2023053119097101000380002617893
2031228700000000,80137601592,TRANSFER,,2023-06-01T16:04:38+08:00,636700,CNY,D,105WFSG000000001000,636700,CNY,,,2023060119097101000240002649179
2031228700000000,80166230263,TRANSFER,,2023-06-01T13:57:15+08:00,2660000,CNY,D,105WFSG000000001000,2660000,CNY,,,2023060119097101000450002382636
2031228700000000,80238806995,TRANSFER,,2023-06-01T10:06:04+08:00,1066000,CNY,D,105WFSG000000001000,1066000,CNY,,,2023060119097101000540002610268
2031228700000000,80202626731,TRANSFER,,2023-06-01T19:26:45+08:00,1435800,CNY,D,105WFSG000000001000,1435800,CNY,,,2023060119097101000250002374763
2031228700000000,80117465591,TRANSFER,,2023-06-01T08:25:15+08:00,104100,CNY,D,105WFSG000000001000,104100,CNY,,,2023060119097101000370002378390
2031228700000000,80814209878,TRANSFER,,2023-06-01T18:00:15+08:00,100000,CNY,D,105WFSG000000001000,100000,CNY,,,2023060119097101000950002385308
2031228700000000,80112617412,TRANSFER,,2023-06-01T21:50:54+08:00,2669500,CNY,D,105WFSG000000001000,2669500,CNY,,,2023060119097101000990002384399
2031228700000000,80200010637,TRANSFER,,2023-06-01T12:41:08+08:00,1065100,CNY,D,105WFSG000000001000,1065100,CNY,,,2023060119097101000810002368350
2031228700000000,80560417374,TRANSFER,,2023-06-01T22:03:03+08:00,146900,CNY,D,105WFSG000000001000,146900,CNY,,,2023060119097101000850002379808
2031228700000000,80198866596,TRANSFER,,2023-06-01T13:04:54+08:00,1063900,CNY,D,105WFSG000000001000,1063900,CNY,,,2023060119097101000860002616374
2031228700000000,80119442415,TRANSFER,,2023-06-01T00:59:04+08:00,110000,CNY,D,105WFSG000000001000,110000,CNY,,,2023053119097101000170002375809
2031228700000000,80363644849,TRANSFER,,2023-06-01T13:03:04+08:00,2130400,CNY,D,105WFSG000000001000,2130400,CNY,,,2023060119097101000290002374322
2031228700000000,80583550330,TRANSFER,,2023-06-01T18:57:45+08:00,2131500,CNY,D,105WFSG000000001000,2131500,CNY,,,2023060119097101000240002648800
2031228700000000,80197095935,TRANSFER,,2023-06-01T06:55:08+08:00,2124800,CNY,D,105WFSG000000001000,2124800,CNY,,,2023053119097101000460002613403
2031228700000000,80131792206,TRANSFER,,2023-06-01T10:44:45+08:00,30000,CNY,D,105WFSG000000001000,30000,CNY,,,2023060119097101000930002377333
2031228700000000,80839651240,TRANSFER,,2023-06-01T07:11:53+08:00,50500,CNY,D,105WFSG000000001000,50500,CNY,,,2023053119097101000980002598111
2031228700000000,80182736488,TRANSFER,,2023-06-01T12:48:54+08:00,104000,CNY,D,105WFSG000000001000,104000,CNY,,,2023060119097101000810002367357
2031228700000000,80979939325,TRANSFER,,2023-06-01T06:20:38+08:00,5400,CNY,D,105WFSG000000001000,5400,CNY,,,2023053119097101000740002604874
2031228700000000,80746187150,TRANSFER,,2023-06-01T06:48:04+08:00,1592900,CNY,D,105WFSG000000001000,1592900,CNY,,,2023053119097101000190002376014
2031228700000000,80206022119,TRANSFER,,2023-06-01T21:29:53+08:00,2668800,CNY,D,105WFSG000000001000,2668800,CNY,,,2023060119097101000090002373678
2031228700000000,80129375528,TRANSFER,,2023-06-01T13:55:45+08:00,1597400,CNY,D,105WFSG000000001000,1597400,CNY,,,2023060119097101000980002600247
2031228700000000,80779515101,TRANSFER,,2023-06-01T00:23:45+08:00,1600000,CNY,D,105WFSG000000001000,1600000,CNY,,,2023053119097101000420002604734
2031228700000000,80247451334,TRANSFER,,2023-06-01T11:18:01+08:00,1278900,CNY,D,105WFSG000000001000,1278900,CNY,,,2023060119097101000930002377070
2031228700000000,80237295700,TRANSFER,,2023-06-01T11:37:59+08:00,1064600,CNY,D,105WFSG000000001000,1064600,CNY,,,2023060119097101000490002381047
2031228700000000,80150364817,TRANSFER,,2023-06-01T12:21:53+08:00,104000,CNY,D,105WFSG000000001000,104000,CNY,,,2023060119097101000870002379744
2031228700000000,80142990040,TRANSFER,,2023-06-01T14:54:15+08:00,530800,CNY,D,105WFSG000000001000,530800,CNY,,,2023060119097101000570002377021
2031228700000000,80604147898,TRANSFER,,2023-06-01T21:51:15+08:00,264500,CNY,D,105WFSG000000001000,264500,CNY,,,2023060119097101000090002373389
2031228700000000,80799334544,TRANSFER,,2023-06-01T18:55:59+08:00,530900,CNY,D,105WFSG000000001000,530900,CNY,,,2023060119097101000480002626404
2031228700000000,80194264476,TRANSFER,,2023-06-01T14:03:14+08:00,263900,CNY,D,105WFSG000000001000,263900,CNY,,,2023060119097101000250002373278
2031228700000000,80166678055,TRANSFER,,2023-06-01T08:56:29+08:00,3089900,CNY,D,105WFSG000000001000,3089900,CNY,,,2023060119097101000100002616000
2031228700000000,80633801331,TRANSFER,,2023-06-01T18:35:27+08:00,1704500,CNY,D,105WFSG000000001000,1704500,CNY,,,2023060119097101000660002645631
2031228700000000,80261384655,TRANSFER,,2023-06-01T17:40:15+08:00,1330300,CNY,D,105WFSG000000001000,1330300,CNY,,,2023060119097101000920002622238
2031228700000000,80148843200,TRANSFER,,2023-06-01T14:39:15+08:00,2662000,CNY,D,105WFSG000000001000,2662000,CNY,,,2023060119097101000520002639479
2031228700000000,80180579433,TRANSFER,,2023-06-01T09:06:53+08:00,52000,CNY,D,105WFSG000000001000,52000,CNY,,,2023060119097101000860002615455
2031228700000000,80149646413,TRANSFER,,2023-06-01T19:23:29+08:00,1064400,CNY,D,105WFSG000000001000,1064400,CNY,,,2023060119097101000560002660231
2031228700000000,80770648702,TRANSFER,,2023-06-01T17:47:24+08:00,1062900,CNY,D,105WFSG000000001000,1062900,CNY,,,2023060119097101000250002373856
2031228700000000,80139213989,TRANSFER,,2023-06-01T13:43:53+08:00,2663900,CNY,D,105WFSG000000001000,2663900,CNY,,,2023060119097101000910002379457
2031228700000000,80584757970,TRANSFER,,2023-06-01T08:09:23+08:00,1063500,CNY,D,105WFSG000000001000,1063500,CNY,,,2023060119097101000140002613132
2031228700000000,80170514434,TRANSFER,,2023-06-01T09:59:04+08:00,1063600,CNY,D,105WFSG000000001000,1063600,CNY,,,2023060119097101000950002384662
2031228700000000,80455589527,TRANSFER,,2023-06-01T15:00:29+08:00,2664500,CNY,D,105WFSG000000001000,2664500,CNY,,,2023060119097101000720002624826
2031228700000000,80159195623,TRANSFER,,2023-06-01T16:44:53+08:00,2663300,CNY,D,105WFSG000000001000,2663300,CNY,,,2023060119097101000030002384025
2031228700000000,80207467380,TRANSFER,,2023-06-01T15:39:53+08:00,2662000,CNY,D,105WFSG000000001000,2662000,CNY,,,2023060119097101000330002373045
2031228700000000,80202321066,TRANSFER,,2023-06-01T13:40:54+08:00,2130600,CNY,D,105WFSG000000001000,2130600,CNY,,,2023060119097101000340002602634
2031228700000000,80750738980,TRANSFER,,2023-06-01T11:28:04+08:00,1593800,CNY,D,105WFSG000000001000,1593800,CNY,,,2023053119097101000990002378499
2031228700000000,80179449024,TRANSFER,,2023-06-01T20:16:23+08:00,2131400,CNY,D,105WFSG000000001000,2131400,CNY,,,2023060119097101000240002650012
2031228700000000,80818349955,TRANSFER,,2023-06-01T19:39:15+08:00,1597800,CNY,D,105WFSG000000001000,1597800,CNY,,,2023060119097101000360002631672
2031228700000000,80127560450,TRANSFER,,2023-06-01T10:54:15+08:00,531400,CNY,D,105WFSG000000001000,531400,CNY,,,2023060119097101000140002614142
2031228700000000,80395075310,TRANSFER,,2023-06-01T21:33:53+08:00,2134100,CNY,D,105WFSG000000001000,2134100,CNY,,,2023060119097101000830002381197
2031228700000000,80668239000,TRANSFER,,2023-06-01T10:09:15+08:00,2134800,CNY,D,105WFSG000000001000,2134800,CNY,,,2023060119097101000920002622509
2031228700000000,80497674213,TRANSFER,,2023-06-01T10:12:04+08:00,2669100,CNY,D,105WFSG000000001000,2669100,CNY,,,2023060119097101000390002376776
2031228700000000,80172242104,TRANSFER,,2023-06-01T17:10:01+08:00,264200,CNY,D,105WFSG000000001000,264200,CNY,,,2023060119097101000870002380259
2031228700000000,80172542769,TRANSFER,,2023-06-01T18:35:57+08:00,3198300,CNY,D,105WFSG000000001000,3198300,CNY,,,2023060119097101000770002374134
2031228700000000,80641662574,TRANSFER,,2023-06-01T18:33:15+08:00,2664800,CNY,D,105WFSG000000001000,2664800,CNY,,,2023060119097101000030002385443
2031228700000000,80182529596,TRANSFER,,2023-06-01T07:57:15+08:00,1592900,CNY,D,105WFSG000000001000,1592900,CNY,,,2023053119097101000210002372488
2031228700000000,80178136640,TRANSFER,,2023-06-01T14:32:04+08:00,530300,CNY,D,105WFSG000000001000,530300,CNY,,,2023060119097101000800002621987
2031228700000000,80110516728,TRANSFER,,2023-06-01T06:01:24+08:00,103700,CNY,D,105WFSG000000001000,103700,CNY,,,2023053119097101000850002377436
2031228700000000,80145045723,TRANSFER,,2023-06-01T19:14:29+08:00,2133600,CNY,D,105WFSG000000001000,2133600,CNY,,,2023060119097101000450002383486
2031228700000000,80164651843,TRANSFER,,2023-06-01T17:39:59+08:00,53300,CNY,D,105WFSG000000001000,53300,CNY,,,2023060119097101000760002621880
2031228700000000,80115494046,TRANSFER,,2023-06-01T19:25:29+08:00,1598000,CNY,D,105WFSG000000001000,1598000,CNY,,,2023060119097101000080002611022
2031228700000000,80918508289,TRANSFER,,2023-06-01T10:57:01+08:00,531400,CNY,D,105WFSG000000001000,531400,CNY,,,2023060119097101000940002610085
2031228700000000,80660716250,TRANSFER,,2023-06-01T17:30:59+08:00,530500,CNY,D,105WFSG000000001000,530500,CNY,,,2023060119097101000430002377543
2031228700000000,80430579512,TRANSFER,,2023-06-01T15:04:15+08:00,530800,CNY,D,105WFSG000000001000,530800,CNY,,,2023060119097101000320002626472
2031228700000000,80393704226,TRANSFER,,2023-06-01T17:46:29+08:00,2661200,CNY,D,105WFSG000000001000,2661200,CNY,,,2023060119097101000840002619710
2031228700000000,80487126374,TRANSFER,,2023-06-01T14:45:59+08:00,3198400,CNY,D,105WFSG000000001000,3198400,CNY,,,2023060119097101000260002634034
2031228700000000,80154332580,TRANSFER,,2023-06-01T18:33:34+08:00,72000,CNY,D,105WFSG000000001000,72000,CNY,,,2023060119097101000190002377577
2031228700000000,80573553560,TRANSFER,,2023-06-01T08:43:34+08:00,531200,CNY,D,105WFSG000000001000,531200,CNY,,,2023060119097101000250002371466
2031228700000000,80143682454,TRANSFER,,2023-06-01T09:27:15+08:00,530700,CNY,D,105WFSG000000001000,530700,CNY,,,2023060119097101000890002426677
2031228700000000,80182580991,TRANSFER,,2023-06-01T05:19:08+08:00,3188500,CNY,D,105WFSG000000001000,3188500,CNY,,,2023053119097101000670002366256
2031228700000000,80695575368,TRANSFER,,2023-06-01T09:47:24+08:00,423800,CNY,D,105WFSG000000001000,423800,CNY,,,2023060119097101000080002609426
2031228700000000,80142491593,TRANSFER,,2023-06-01T16:54:45+08:00,530600,CNY,D,105WFSG000000001000,530600,CNY,,,2023060119097101000580002602910
2031228700000000,80692056208,TRANSFER,,2023-06-01T18:04:15+08:00,3196600,CNY,D,105WFSG000000001000,3196600,CNY,,,2023060119097101000080002610737
2031228700000000,80202488123,TRANSFER,,2023-06-01T15:42:23+08:00,2662000,CNY,D,105WFSG000000001000,2662000,CNY,,,2023060119097101000140002615948
2031228700000000,80745520470,TRANSFER,,2023-06-01T15:23:59+08:00,1864300,CNY,D,105WFSG000000001000,1864300,CNY,,,2023060119097101000140002615256
2031228700000000,80717919000,TRANSFER,,2023-06-01T18:21:01+08:00,104000,CNY,D,105WFSG000000001000,104000,CNY,,,2023060119097101000200002625806
2031228700000000,80130573667,TRANSFER,,2023-06-01T16:58:38+08:00,56000,CNY,D,105WFSG000000001000,56000,CNY,,,2023060119097101000960002627384
2031228700000000,80159852727,TRANSFER,,2023-06-01T21:53:23+08:00,157700,CNY,D,105WFSG000000001000,157700,CNY,,,2023060119097101000680002628161
2031228700000000,80860760603,TRANSFER,,2023-06-01T11:54:38+08:00,1598800,CNY,D,105WFSG000000001000,1598800,CNY,,,2023060119097101000780002607566
2031228700000000,80143125410,TRANSFER,,2023-06-01T13:31:31+08:00,530600,CNY,D,105WFSG000000001000,530600,CNY,,,2023060119097101000250002374056
2031228700000000,80102012667,TRANSFER,,2023-06-01T17:38:23+08:00,1330300,CNY,D,105WFSG000000001000,1330300,CNY,,,2023060119097101000150002381966
2031228700000000,80208865253,TRANSFER,,2023-06-01T07:39:57+08:00,2901300,CNY,D,105WFSG000000001000,2901300,CNY,,,2023053119097101000810002366774
2031228700000000,80124594052,TRANSFER,,2023-06-01T21:35:34+08:00,371300,CNY,D,105WFSG000000001000,371300,CNY,,,2023060119097101000240002650022
2031228700000000,80726118080,TRANSFER,,2023-06-01T12:14:45+08:00,530900,CNY,D,105WFSG000000001000,530900,CNY,,,2023060119097101000830002378421
2031228700000000,80110484862,TRANSFER,,2023-06-01T09:08:27+08:00,2131100,CNY,D,105WFSG000000001000,2131100,CNY,,,2023060119097101000920002620603
2031228700000000,80254874668,TRANSFER,,2023-06-01T14:59:46+08:00,1864600,CNY,D,105WFSG000000001000,1864600,CNY,,,2023060119097101000160002629618
2031228700000000,80116718482,TRANSFER,,2023-06-01T17:11:15+08:00,1598300,CNY,D,105WFSG000000001000,1598300,CNY,,,2023060119097101000860002608581
2031228700000000,80139546017,TRANSFER,,2023-06-01T14:00:27+08:00,2664100,CNY,D,105WFSG000000001000,2664100,CNY,,,2023060119097101000700002603284
2031228700000000,80150923840,TRANSFER,,2023-06-01T11:27:38+08:00,2133300,CNY,D,105WFSG000000001000,2133300,CNY,,,2023060119097101000700002604089
2031228700000000,80182090218,TRANSFER,,2023-06-01T08:27:23+08:00,1000000,CNY,D,105WFSG000000001000,1000000,CNY,,,2023060119097101000650002380458
2031228700000000,80309648373,TRANSFER,,2023-06-01T16:45:45+08:00,2663900,CNY,D,105WFSG000000001000,2663900,CNY,,,2023060119097101000110002409729
2031228700000000,80198670906,TRANSFER,,2023-06-01T07:11:38+08:00,529200,CNY,D,105WFSG000000001000,529200,CNY,,,2023053119097101000480002624343
2031228700000000,80690599502,TRANSFER,,2023-06-01T07:03:23+08:00,2124800,CNY,D,105WFSG000000001000,2124800,CNY,,,2023053119097101000350002376863
2031228700000000,80164041617,TRANSFER,,2023-06-01T19:29:23+08:00,184100,CNY,D,105WFSG000000001000,184100,CNY,,,2023060119097101000140002614505
2031228700000000,80208952921,TRANSFER,,2023-06-01T21:26:34+08:00,2668800,CNY,D,105WFSG000000001000,2668800,CNY,,,2023060119097101000920002623746
2031228700000000,80108896110,TRANSFER,,2023-06-01T19:54:53+08:00,1598000,CNY,D,105WFSG000000001000,1598000,CNY,,,2023060119097101000480002626255
2031228700000000,80338483513,TRANSFER,,2023-06-01T05:33:04+08:00,1061100,CNY,D,105WFSG000000001000,1061100,CNY,,,2023053119097101000200002623330
2031228700000000,80402818364,TRANSFER,,2023-06-01T08:44:38+08:00,2560000,CNY,D,105WFSG000000001000,2560000,CNY,,,2023060119097101000400002620145
2031228700000000,80195155411,TRANSFER,,2023-06-01T02:39:15+08:00,103700,CNY,D,105WFSG000000001000,103700,CNY,,,2023053119097101000840002615651
2031228700000000,80288111357,TRANSFER,,2023-06-01T18:02:44+08:00,2663400,CNY,D,105WFSG000000001000,2663400,CNY,,,2023060119097101000500002606610
2031228700000000,80986130140,TRANSFER,,2023-06-01T19:28:45+08:00,2131500,CNY,D,105WFSG000000001000,2131500,CNY,,,2023060119097101000740002608061
2031228700000000,80211111736,TRANSFER,,2023-06-01T06:19:24+08:00,874900,CNY,D,105WFSG000000001000,874900,CNY,,,2023053119097101000970002381847
2031228700000000,80393946576,TRANSFER,,2023-06-01T10:22:53+08:00,2133700,CNY,D,105WFSG000000001000,2133700,CNY,,,2023060119097101000780002609307
2031228700000000,80964426179,TRANSFER,,2023-06-01T04:03:45+08:00,401600,CNY,D,105WFSG000000001000,401600,CNY,,,2023053119097101000660002642700
2031228700000000,80250677482,TRANSFER,,2023-06-01T17:02:34+08:00,18700,CNY,D,105WFSG000000001000,18700,CNY,,,2023060119097101000610002385295
2031228700000000,80209514447,TRANSFER,,2023-06-01T11:22:29+08:00,1065300,CNY,D,105WFSG000000001000,1065300,CNY,,,2023060119097101000540002610849
2031228700000000,80469137189,TRANSFER,,2023-06-01T09:36:53+08:00,370900,CNY,D,105WFSG000000001000,370900,CNY,,,2023060119097101000080002609684
2031228700000000,80377642674,TRANSFER,,2023-06-01T10:06:45+08:00,3203500,CNY,D,105WFSG000000001000,3203500,CNY,,,2023060119097101000820002601812
2031228700000000,80473404670,TRANSFER,,2023-06-01T08:09:38+08:00,530400,CNY,D,105WFSG000000001000,530400,CNY,,,2023060119097101000810002365957
2031228700000000,80732499577,TRANSFER,,2023-06-01T09:51:29+08:00,2129800,CNY,D,105WFSG000000001000,2129800,CNY,,,2023060119097101000130002423418
2031228700000000,80337959793,TRANSFER,,2023-06-01T18:22:29+08:00,2664400,CNY,D,105WFSG000000001000,2664400,CNY,,,2023060119097101000030002385794
2031228700000000,80119362892,TRANSFER,,2023-06-01T20:33:23+08:00,2663800,CNY,D,105WFSG000000001000,2663800,CNY,,,2023060119097101000370002380138
2031228700000000,80444112791,TRANSFER,,2023-06-01T18:57:45+08:00,2665100,CNY,D,105WFSG000000001000,2665100,CNY,,,2023060119097101000990002382616
2031228700000000,80156604972,TRANSFER,,2023-06-01T15:52:45+08:00,2127000,CNY,D,105WFSG000000001000,2127000,CNY,,,2023060119097101000280002625560
2031228700000000,80168297164,TRANSFER,,2023-06-01T16:58:23+08:00,1062600,CNY,D,105WFSG000000001000,1062600,CNY,,,2023060119097101000860002617745
2031228700000000,80907548850,TRANSFER,,2023-06-01T10:48:23+08:00,2133700,CNY,D,105WFSG000000001000,2133700,CNY,,,2023060119097101000740002607194
2031228700000000,80221866772,TRANSFER,,2023-06-01T18:46:45+08:00,2665600,CNY,D,105WFSG000000001000,2665600,CNY,,,2023060119097101000750002374785
2031228700000000,80658614705,TRANSFER,,2023-06-01T10:53:23+08:00,1813300,CNY,D,105WFSG000000001000,1813300,CNY,,,2023060119097101000960002627169
2031228700000000,80458848656,TRANSFER,,2023-06-01T12:16:53+08:00,530800,CNY,D,105WFSG000000001000,530800,CNY,,,2023060119097101000500002606218
2031228700000000,80159440072,TRANSFER,,2023-06-01T19:10:23+08:00,424100,CNY,D,105WFSG000000001000,424100,CNY,,,2023060119097101000840002619886
2031228700000000,80378899938,TRANSFER,,2023-06-01T11:13:23+08:00,2667700,CNY,D,105WFSG000000001000,2667700,CNY,,,2023060119097101000060002625801
2031228700000000,80608986887,TRANSFER,,2023-06-01T19:25:54+08:00,3198600,CNY,D,105WFSG000000001000,3198600,CNY,,,2023060119097101000060002627359
2031228700000000,80148332529,TRANSFER,,2023-06-01T09:09:54+08:00,3197900,CNY,D,105WFSG000000001000,3197900,CNY,,,2023060119097101000650002381102
2031228700000000,80206947381,TRANSFER,,2023-06-01T14:37:53+08:00,1063200,CNY,D,105WFSG000000001000,1063200,CNY,,,2023060119097101000960002627574
2031228700000000,80156969371,TRANSFER,,2023-06-01T12:21:54+08:00,637500,CNY,D,105WFSG000000001000,637500,CNY,,,2023060119097101000610002384795
2031228700000000,80784204860,TRANSFER,,2023-06-01T17:14:24+08:00,2665600,CNY,D,105WFSG000000001000,2665600,CNY,,,2023060119097101000310002378112
2031228700000000,80110166670,TRANSFER,,2023-06-01T11:30:17+08:00,157500,CNY,D,105WFSG000000001000,157500,CNY,,,2023060119097101000980002600673
2031228700000000,80441415935,TRANSFER,,2023-06-01T19:16:38+08:00,3198600,CNY,D,105WFSG000000001000,3198600,CNY,,,2023060119097101000200002626099
2031228700000000,80774373597,TRANSFER,,2023-06-01T12:16:59+08:00,530800,CNY,D,105WFSG000000001000,530800,CNY,,,2023060119097101000800002622101
2031228700000000,80653932765,TRANSFER,,2023-06-01T12:34:59+08:00,104100,CNY,D,105WFSG000000001000,104100,CNY,,,2023060119097101000860002614652
2031228700000000,80144420432,TRANSFER,,2023-06-01T15:07:23+08:00,50700,CNY,D,105WFSG000000001000,50700,CNY,,,2023060119097101000820002602681
2031228700000000,80125377723,TRANSFER,,2023-06-01T06:19:23+08:00,50500,CNY,D,105WFSG000000001000,50500,CNY,,,2023053119097101000690002377706
2031228700000000,80225617732,TRANSFER,,2023-06-01T10:58:15+08:00,2667800,CNY,D,105WFSG000000001000,2667800,CNY,,,2023060119097101000370002379909
2031228700000000,80707912088,TRANSFER,,2023-06-01T17:36:15+08:00,1596900,CNY,D,105WFSG000000001000,1596900,CNY,,,2023060119097101000600002624647
2031228700000000,80912128950,TRANSFER,,2023-06-01T07:41:23+08:00,103700,CNY,D,105WFSG000000001000,103700,CNY,,,2023053119097101000330002370902
2031228700000000,80465984587,TRANSFER,,2023-06-01T08:09:31+08:00,263900,CNY,D,105WFSG000000001000,263900,CNY,,,2023060119097101000540002609310
2031228700000000,80156436721,TRANSFER,,2023-06-01T12:03:53+08:00,2665400,CNY,D,105WFSG000000001000,2665400,CNY,,,2023060119097101000630002430828
2031228700000000,80846556480,TRANSFER,,2023-06-01T15:45:27+08:00,796700,CNY,D,105WFSG000000001000,796700,CNY,,,2023060119097101000400002622595
2031228700000000,80250163866,TRANSFER,,2023-06-01T09:29:15+08:00,79500,CNY,D,105WFSG000000001000,79500,CNY,,,2023060119097101000070002374858
2031228700000000,80179942673,TRANSFER,,2023-06-01T10:04:15+08:00,1012600,CNY,D,105WFSG000000001000,1012600,CNY,,,2023060119097101000620002590758
2031228700000000,80101015033,TRANSFER,,2023-06-01T23:54:57+08:00,1601200,CNY,D,105WFSG000000001000,1601200,CNY,,,2023060119097101000860002617495
2031228700000000,80602785536,TRANSFER,,2023-06-01T17:03:23+08:00,1064600,CNY,D,105WFSG000000001000,1064600,CNY,,,2023060119097101000160002630776
2031228700000000,80435769502,TRANSFER,,2023-06-01T09:26:59+08:00,397400,CNY,D,105WFSG000000001000,397400,CNY,,,2023060119097101000050002377810
2031228700000000,80272887947,TRANSFER,,2023-06-01T18:59:15+08:00,317500,CNY,D,105WFSG000000001000,317500,CNY,,,2023060119097101000060002627225
2031228700000000,80646002005,TRANSFER,,2023-06-01T20:03:24+08:00,915100,CNY,D,105WFSG000000001000,915100,CNY,,,2023060119097101000590002374964
2031228700000000,80648543946,TRANSFER,,2023-06-01T20:34:45+08:00,530600,CNY,D,105WFSG000000001000,530600,CNY,,,2023060119097101000710002377714
2031228700000000,80182079388,TRANSFER,,2023-06-01T20:30:27+08:00,1050000,CNY,D,105WFSG000000001000,1050000,CNY,,,2023060119097101000200002626344
2031228700000000,80404269485,TRANSFER,,2023-06-01T18:09:45+08:00,423900,CNY,D,105WFSG000000001000,423900,CNY,,,2023060119097101000360002631011
2031228700000000,80962304373,TRANSFER,,2023-06-01T19:09:45+08:00,381400,CNY,D,105WFSG000000001000,381400,CNY,,,2023060119097101000550002376893
2031228700000000,80171288802,TRANSFER,,2023-06-01T21:47:53+08:00,2669500,CNY,D,105WFSG000000001000,2669500,CNY,,,2023060119097101000130002425511
2031228700000000,80174123450,TRANSFER,,2023-06-01T20:57:45+08:00,264100,CNY,D,105WFSG000000001000,264100,CNY,,,2023060119097101000070002377075
2031228700000000,80213120421,TRANSFER,,2023-06-01T17:41:46+08:00,1596900,CNY,D,105WFSG000000001000,1596900,CNY,,,2023060119097101000760002621991
2031228700000000,80248119340,TRANSFER,,2023-06-01T15:44:15+08:00,2662000,CNY,D,105WFSG000000001000,2662000,CNY,,,2023060119097101000920002623832
2031228700000000,80160941475,TRANSFER,,2023-06-01T12:30:01+08:00,26700,CNY,D,105WFSG000000001000,26700,CNY,,,2023060119097101000210002375651
2031228700000000,80171972638,TRANSFER,,2023-06-01T17:47:23+08:00,1595700,CNY,D,105WFSG000000001000,1595700,CNY,,,2023060119097101000460002615899
2031228700000000,80449945780,TRANSFER,,2023-06-01T08:56:23+08:00,530500,CNY,D,105WFSG000000001000,530500,CNY,,,2023060119097101000780002606983
2031228700000000,80104367286,TRANSFER,,2023-06-01T12:42:29+08:00,125500,CNY,D,105WFSG000000001000,125500,CNY,,,2023060119097101000770002373139
2031228700000000,80200640164,TRANSFER,,2023-06-01T04:51:59+08:00,1592900,CNY,D,105WFSG000000001000,1592900,CNY,,,2023053119097101000350002376204
2031228700000000,80543897272,TRANSFER,,2023-06-01T09:36:15+08:00,1064700,CNY,D,105WFSG000000001000,1064700,CNY,,,2023060119097101000670002367338
2031228700000000,80830341842,TRANSFER,,2023-06-01T21:47:57+08:00,2669500,CNY,D,105WFSG000000001000,2669500,CNY,,,2023060119097101000410002373972
2031228700000000,80169847301,TRANSFER,,2023-06-01T17:16:53+08:00,263900,CNY,D,105WFSG000000001000,263900,CNY,,,2023060119097101000710002376854
2031228700000000,80362226261,TRANSFER,,2023-06-01T12:00:38+08:00,637900,CNY,D,105WFSG000000001000,637900,CNY,,,2023060119097101000860002616366
2031228700000000,80212639109,TRANSFER,,2023-06-01T05:07:27+08:00,23900,CNY,D,105WFSG000000001000,23900,CNY,,,2023053119097101000470002384062
2031228700000000,80464005886,TRANSFER,,2023-06-01T17:58:45+08:00,2661200,CNY,D,105WFSG000000001000,2661200,CNY,,,2023060119097101000070002377216
2031228700000000,80239950578,TRANSFER,,2023-06-01T10:09:23+08:00,532400,CNY,D,105WFSG000000001000,532400,CNY,,,2023053019097101000340002592811
2031228700000000,80862901947,TRANSFER,,2023-06-01T14:39:08+08:00,1596200,CNY,D,105WFSG000000001000,1596200,CNY,,,2023060119097101000180002619409
2031228700000000,80266935919,TRANSFER,,2023-06-01T14:13:59+08:00,1596500,CNY,D,105WFSG000000001000,1596500,CNY,,,2023060119097101000280002625424
2031228700000000,80210153847,TRANSFER,,2023-06-01T18:30:08+08:00,530700,CNY,D,105WFSG000000001000,530700,CNY,,,2023060119097101000770002374840
2031228700000000,80208536603,TRANSFER,,2023-06-01T21:37:45+08:00,3202400,CNY,D,105WFSG000000001000,3202400,CNY,,,2023060119097101000170002377084
2031228700000000,80108914205,TRANSFER,,2023-06-01T11:25:59+08:00,1065300,CNY,D,105WFSG000000001000,1065300,CNY,,,2023060119097101000840002618011
2031228700000000,80594019999,TRANSFER,,2023-06-01T05:12:45+08:00,2656700,CNY,D,105WFSG000000001000,2656700,CNY,,,2023053119097101000330002371194
2031228700000000,80202970315,TRANSFER,,2023-06-01T18:42:23+08:00,2664800,CNY,D,105WFSG000000001000,2664800,CNY,,,2023060119097101000150002381030
2031228700000000,80203600129,TRANSFER,,2023-06-01T20:04:27+08:00,104000,CNY,D,105WFSG000000001000,104000,CNY,,,2023060119097101000210002376557
2031228700000000,80113357324,TRANSFER,,2023-06-01T20:54:45+08:00,50700,CNY,D,105WFSG000000001000,50700,CNY,,,2023060119097101000130002425717
2031228700000000,80129349018,TRANSFER,,2023-06-01T12:38:59+08:00,531200,CNY,D,105WFSG000000001000,531200,CNY,,,2023060119097101000630002431321
2031228700000000,80795186166,TRANSFER,,2023-06-01T13:27:53+08:00,1596200,CNY,D,105WFSG000000001000,1596200,CNY,,,2023060119097101000710002375330
2031228700000000,80194743871,TRANSFER,,2023-06-01T05:40:15+08:00,1061100,CNY,D,105WFSG000000001000,1061100,CNY,,,2023053119097101000360002627450
2031228700000000,80143415967,TRANSFER,,2023-06-01T10:53:28+08:00,1065500,CNY,D,105WFSG000000001000,1065500,CNY,,,2023060119097101000260002633968
2031228700000000,80277131805,TRANSFER,,2023-06-01T11:32:15+08:00,2665600,CNY,D,105WFSG000000001000,2665600,CNY,,,2023060119097101000200002624826
2031228700000000,80450747220,TRANSFER,,2023-06-01T14:39:45+08:00,306400,CNY,D,105WFSG000000001000,306400,CNY,,,2023060119097101000090002370837
2031228700000000,80164762645,TRANSFER,,2023-06-01T06:41:45+08:00,18000,CNY,D,105WFSG000000001000,18000,CNY,,,2023053119097101000330002371053
2031228700000000,80117820647,TRANSFER,,2023-06-01T20:49:45+08:00,50700,CNY,D,105WFSG000000001000,50700,CNY,,,2023060119097101000140002616447
2031228700000000,80195573905,TRANSFER,,2023-06-01T17:06:15+08:00,2132000,CNY,D,105WFSG000000001000,2132000,CNY,,,2023060119097101000260002634579
2031228700000000,80195531139,TRANSFER,,2023-06-01T03:27:57+08:00,1858900,CNY,D,105WFSG000000001000,1858900,CNY,,,2023053119097101000690002377226
2031228700000000,80104123015,TRANSFER,,2023-06-01T19:14:01+08:00,1064200,CNY,D,105WFSG000000001000,1064200,CNY,,,2023060119097101000870002380570
2031228700000000,80191078139,TRANSFER,,2023-06-01T19:23:34+08:00,1064400,CNY,D,105WFSG000000001000,1064400,CNY,,,2023060119097101000070002378299
2031228700000000,80181450793,TRANSFER,,2023-06-01T13:31:15+08:00,701300,CNY,D,105WFSG000000001000,701300,CNY,,,2023060119097101000480002626984
2031228700000000,80209841250,TRANSFER,,2023-06-01T12:14:15+08:00,2185100,CNY,D,105WFSG000000001000,2185100,CNY,,,2023060119097101000090002372046
2031228700000000,80696434236,TRANSFER,,2023-06-01T10:26:08+08:00,157600,CNY,D,105WFSG000000001000,157600,CNY,,,2023060119097101000070002376057
2031228700000000,80160061941,TRANSFER,,2023-06-01T18:19:24+08:00,50700,CNY,D,105WFSG000000001000,50700,CNY,,,2023060119097101000300002616903
2031228700000000,80485201237,TRANSFER,,2023-06-01T18:14:23+08:00,1063800,CNY,D,105WFSG000000001000,1063800,CNY,,,2023060119097101000160002630519
2031228700000000,80212398280,TRANSFER,,2023-06-01T17:19:01+08:00,2663200,CNY,D,105WFSG000000001000,2663200,CNY,,,2023060119097101000650002384071
2031228700000000,80107244960,TRANSFER,,2023-06-01T11:16:59+08:00,2667200,CNY,D,105WFSG000000001000,2667200,CNY,,,2023060119097101000830002378850
2031228700000000,80603425062,TRANSFER,,2023-06-01T05:11:34+08:00,29300,CNY,D,105WFSG000000001000,29300,CNY,,,2023053119097101000700002602664
2031228700000000,80209162520,TRANSFER,,2023-06-01T15:22:03+08:00,2133700,CNY,D,105WFSG000000001000,2133700,CNY,,,2023060119097101000430002377653
2031228700000000,80192347672,TRANSFER,,2023-06-01T14:25:34+08:00,61200,CNY,D,105WFSG000000001000,61200,CNY,,,2023060119097101000870002380841
2031228700000000,80114095493,TRANSFER,,2023-06-01T19:57:29+08:00,184100,CNY,D,105WFSG000000001000,184100,CNY,,,2023060119097101000060002626801
2031228700000000,80206466268,TRANSFER,,2023-06-01T12:54:29+08:00,1277200,CNY,D,105WFSG000000001000,1277200,CNY,,,2023060119097101000760002620925
2031228700000000,80167871718,TRANSFER,,2023-06-01T16:33:04+08:00,104000,CNY,D,105WFSG000000001000,104000,CNY,,,2023060119097101000620002590660
2031228700000000,80765410670,TRANSFER,,2023-06-01T11:26:15+08:00,531300,CNY,D,105WFSG000000001000,531300,CNY,,,2023060119097101000060002624680
2031228700000000,80104000312,TRANSFER,,2023-06-01T10:53:45+08:00,531400,CNY,D,105WFSG000000001000,531400,CNY,,,2023060119097101000010002370402
2031228700000000,80855670552,TRANSFER,,2023-06-01T12:25:59+08:00,2667200,CNY,D,105WFSG000000001000,2667200,CNY,,,2023060119097101000850002379337
2031228700000000,80142206772,TRANSFER,,2023-06-01T10:55:45+08:00,2667800,CNY,D,105WFSG000000001000,2667800,CNY,,,2023060119097101000350002377157
2031228700000000,80746541940,TRANSFER,,2023-06-01T15:55:46+08:00,263500,CNY,D,105WFSG000000001000,263500,CNY,,,2023060119097101000880002626958
2031228700000000,80171009634,TRANSFER,,2023-06-01T09:11:15+08:00,2664500,CNY,D,105WFSG000000001000,2664500,CNY,,,2023060119097101000190002376979
2031228700000000,80407056581,TRANSFER,,2023-06-01T11:50:24+08:00,531100,CNY,D,105WFSG000000001000,531100,CNY,,,2023060119097101000560002656465
2031228700000000,80162913861,TRANSFER,,2023-06-01T11:05:23+08:00,2667700,CNY,D,105WFSG000000001000,2667700,CNY,,,2023060119097101000690002378112
2031228700000000,80394764578,TRANSFER,,2023-06-01T21:04:29+08:00,264300,CNY,D,105WFSG000000001000,264300,CNY,,,2023060119097101000630002431840
2031228700000000,80994090814,TRANSFER,,2023-06-01T16:37:45+08:00,3196400,CNY,D,105WFSG000000001000,3196400,CNY,,,2023060119097101000880002626685
2031228700000000,80116159855,TRANSFER,,2023-06-01T08:03:23+08:00,2662900,CNY,D,105WFSG000000001000,2662900,CNY,,,2023060119097101000090002369240
2031228700000000,80563607818,TRANSFER,,2023-06-01T14:04:38+08:00,1916300,CNY,D,105WFSG000000001000,1916300,CNY,,,2023060119097101000640002635668
2031228700000000,80795926185,TRANSFER,,2023-06-01T18:22:34+08:00,2131000,CNY,D,105WFSG000000001000,2131000,CNY,,,2023060119097101000280002624529
2031228700000000,80906191448,TRANSFER,,2023-06-01T22:11:01+08:00,264500,CNY,D,105WFSG000000001000,264500,CNY,,,2023060119097101000380002622008
2031228700000000,80195877294,TRANSFER,,2023-06-01T10:29:45+08:00,1599600,CNY,D,105WFSG000000001000,1599600,CNY,,,2023060119097101000940002610357
2031228700000000,80948004984,TRANSFER,,2023-06-01T21:24:08+08:00,531600,CNY,D,105WFSG000000001000,531600,CNY,,,2023060119097101000060002627993
2031228700000000,80165068700,TRANSFER,,2023-06-01T17:07:27+08:00,531000,CNY,D,105WFSG000000001000,531000,CNY,,,2023060119097101000310002378106
2031228700000000,80291639379,TRANSFER,,2023-06-01T05:40:53+08:00,103700,CNY,D,105WFSG000000001000,103700,CNY,,,2023053119097101000970002380038
2031228700000000,80964052475,TRANSFER,,2023-06-01T18:10:59+08:00,220700,CNY,D,105WFSG000000001000,220700,CNY,,,2023060119097101000400002622793
2031228700000000,80619031794,TRANSFER,,2023-06-01T20:07:53+08:00,2398400,CNY,D,105WFSG000000001000,2398400,CNY,,,2023060119097101000260002635691
2031228700000000,80798503922,TRANSFER,,2023-06-01T19:15:53+08:00,1064400,CNY,D,105WFSG000000001000,1064400,CNY,,,2023060119097101000950002385001
2031228700000000,80699587600,TRANSFER,,2023-06-01T18:18:23+08:00,2131000,CNY,D,105WFSG000000001000,2131000,CNY,,,2023060119097101000720002624761
2031228700000000,80131392472,TRANSFER,,2023-06-01T11:23:15+08:00,531300,CNY,D,105WFSG000000001000,531300,CNY,,,2023060119097101000620002590877
2031228700000000,80185086051,TRANSFER,,2023-06-01T21:31:45+08:00,157600,CNY,D,105WFSG000000001000,157600,CNY,,,2023060119097101000680002627390
2031228700000000,80432047482,TRANSFER,,2023-06-01T11:15:15+08:00,317800,CNY,D,105WFSG000000001000,317800,CNY,,,2023060119097101000460002615529
2031228700000000,80237220180,TRANSFER,,2023-06-01T14:27:23+08:00,1599500,CNY,D,105WFSG000000001000,1599500,CNY,,,2023060119097101000690002377716
2031228700000000,80742183697,TRANSFER,,2023-06-01T14:03:15+08:00,2662600,CNY,D,105WFSG000000001000,2662600,CNY,,,2023060119097101000750002375195
2031228700000000,80706273587,TRANSFER,,2023-06-01T11:23:01+08:00,104100,CNY,D,105WFSG000000001000,104100,CNY,,,2023060119097101000430002377175
2031228700000000,80829045051,TRANSFER,,2023-06-01T16:34:57+08:00,104000,CNY,D,105WFSG000000001000,104000,CNY,,,2023060119097101000100002617086
2031228700000000,80209782918,TRANSFER,,2023-06-01T18:54:24+08:00,530900,CNY,D,105WFSG000000001000,530900,CNY,,,2023060119097101000740002609012
2031228700000000,80104412467,TRANSFER,,2023-06-01T10:32:24+08:00,157400,CNY,D,105WFSG000000001000,157400,CNY,,,2023060119097101000290002373017
2031228700000000,80193197362,TRANSFER,,2023-06-01T18:31:24+08:00,530800,CNY,D,105WFSG000000001000,530800,CNY,,,2023060119097101000170002378391
2031228700000000,80528959722,TRANSFER,,2023-06-01T10:13:23+08:00,825600,CNY,D,105WFSG000000001000,825600,CNY,,,2023060119097101000010002369774
2031228700000000,80133459072,TRANSFER,,2023-06-01T17:09:45+08:00,797800,CNY,D,105WFSG000000001000,797800,CNY,,,2023060119097101000600002625123
2031228700000000,80284101102,TRANSFER,,2023-06-01T11:03:08+08:00,2667700,CNY,D,105WFSG000000001000,2667700,CNY,,,2023060119097101000190002377276
2031228700000000,80128833616,TRANSFER,,2023-06-01T17:20:45+08:00,3143000,CNY,D,105WFSG000000001000,3143000,CNY,,,2023060119097101000660002643968
2031228700000000,80554387782,TRANSFER,,2023-06-01T12:52:27+08:00,157300,CNY,D,105WFSG000000001000,157300,CNY,,,2023060119097101000530002368385
2031228700000000,80170299282,TRANSFER,,2023-06-01T08:04:59+08:00,2662900,CNY,D,105WFSG000000001000,2662900,CNY,,,2023060119097101000960002625230
2031228700000000,80416327116,TRANSFER,,2023-06-01T11:03:08+08:00,1065500,CNY,D,105WFSG000000001000,1065500,CNY,,,2023060119097101000770002373528
2031228700000000,80211091710,TRANSFER,,2023-06-01T13:09:46+08:00,3021000,CNY,D,105WFSG000000001000,3021000,CNY,,,2023060119097101000480002618268
2031228700000000,80185085210,TRANSFER,,2023-06-01T10:37:45+08:00,530900,CNY,D,105WFSG000000001000,530900,CNY,,,2023060119097101000620002591189
2031228700000000,80693388443,TRANSFER,,2023-06-01T20:30:27+08:00,18700,CNY,D,105WFSG000000001000,18700,CNY,,,2023060119097101000680002626888
2031228700000000,80147168266,TRANSFER,,2023-06-01T10:14:45+08:00,2669100,CNY,D,105WFSG000000001000,2669100,CNY,,,2023060119097101000010002370390
2031228700000000,80569455890,TRANSFER,,2023-06-01T15:40:29+08:00,530300,CNY,D,105WFSG000000001000,530300,CNY,,,2023060119097101000870002379701
2031228700000000,80367253514,TRANSFER,,2023-06-01T08:16:45+08:00,50700,CNY,D,105WFSG000000001000,50700,CNY,,,2023060119097101000560002656369
2031228700000000,80284568278,TRANSFER,,2023-06-01T16:23:53+08:00,530300,CNY,D,105WFSG000000001000,530300,CNY,,,2023060119097101000700002604562
2031228700000000,80197406008,TRANSFER,,2023-06-01T21:12:15+08:00,531200,CNY,D,105WFSG000000001000,531200,CNY,,,2023060119097101000790002383432
2031228700000000,80666206547,TRANSFER,,2023-06-01T17:16:08+08:00,637100,CNY,D,105WFSG000000001000,637100,CNY,,,2023060119097101000300002616887
2031228700000000,80650215448,TRANSFER,,2023-06-01T21:28:38+08:00,2668800,CNY,D,105WFSG000000001000,2668800,CNY,,,2023060119097101000710002377183
2031228700000000,80131826892,TRANSFER,,2023-06-01T19:54:23+08:00,104000,CNY,D,105WFSG000000001000,104000,CNY,,,2023060119097101000840002619556
2031228700000000,80357770269,TRANSFER,,2023-06-01T16:51:53+08:00,1064000,CNY,D,105WFSG000000001000,1064000,CNY,,,2023060119097101000060002626549
2031228700000000,80122880088,TRANSFER,,2023-06-01T11:15:15+08:00,1065500,CNY,D,105WFSG000000001000,1065500,CNY,,,2023060119097101000710002374488
2031228700000000,80210257155,TRANSFER,,2023-06-01T14:09:45+08:00,2129500,CNY,D,105WFSG000000001000,2129500,CNY,,,2023060119097101000940002609630
2031228700000000,80120448005,TRANSFER,,2023-06-01T20:20:45+08:00,3198400,CNY,D,105WFSG000000001000,3198400,CNY,,,2023060119097101000520002640405
2031228700000000,80715966306,TRANSFER,,2023-06-01T14:22:59+08:00,1598200,CNY,D,105WFSG000000001000,1598200,CNY,,,2023060119097101000350002378365
2031228700000000,80174037022,TRANSFER,,2023-06-01T13:36:27+08:00,2663900,CNY,D,105WFSG000000001000,2663900,CNY,,,2023060119097101000060002626697
2031228700000000,80168356180,TRANSFER,,2023-06-01T11:35:45+08:00,50700,CNY,D,105WFSG000000001000,50700,CNY,,,2023060119097101000520002639104
2031228700000000,80760729106,TRANSFER,,2023-06-01T18:25:27+08:00,264000,CNY,D,105WFSG000000001000,264000,CNY,,,2023060119097101000740002609006
2031228700000000,80126571518,TRANSFER,,2023-06-01T13:11:53+08:00,1597100,CNY,D,105WFSG000000001000,1597100,CNY,,,2023060119097101000380002621017
2031228700000000,80113782964,TRANSFER,,2023-06-01T19:23:15+08:00,2131500,CNY,D,105WFSG000000001000,2131500,CNY,,,2023060119097101000110002410558
2031228700000000,80166386400,TRANSFER,,2023-06-01T15:34:53+08:00,743400,CNY,D,105WFSG000000001000,743400,CNY,,,2023060119097101000800002621848
2031228700000000,80106252354,TRANSFER,,2023-06-01T06:19:24+08:00,901500,CNY,D,105WFSG000000001000,901500,CNY,,,2023053119097101000180002616310
2031228700000000,80640185122,TRANSFER,,2023-06-01T08:38:59+08:00,104100,CNY,D,105WFSG000000001000,104100,CNY,,,2023060119097101000810002365818
2031228700000000,80495298507,TRANSFER,,2023-06-01T16:36:53+08:00,1197000,CNY,D,105WFSG000000001000,1197000,CNY,,,2023060119097101000650002384063
2031228700000000,80558349212,TRANSFER,,2023-06-01T20:07:24+08:00,3198800,CNY,D,105WFSG000000001000,3198800,CNY,,,2023060119097101000470002386914
2031228700000000,80174853624,TRANSFER,,2023-06-01T19:44:34+08:00,1331200,CNY,D,105WFSG000000001000,1331200,CNY,,,2023060119097101000600002625147
2031228700000000,80111945053,TRANSFER,,2023-06-01T10:09:23+08:00,1063100,CNY,D,105WFSG000000001000,1063100,CNY,,,2023053019097101000330002367414
2031228700000000,80109907008,TRANSFER,,2023-06-01T20:04:23+08:00,50700,CNY,D,105WFSG000000001000,50700,CNY,,,2023060119097101000980002599992
2031228700000000,80113026439,TRANSFER,,2023-06-01T19:56:17+08:00,1064500,CNY,D,105WFSG000000001000,1064500,CNY,,,2023060119097101000230002383086
2031228700000000,80210816988,TRANSFER,,2023-06-01T10:26:08+08:00,924000,CNY,D,105WFSG000000001000,924000,CNY,,,2023060119097101000870002378786
2031228700000000,80152030600,TRANSFER,,2023-06-01T13:47:53+08:00,100000,CNY,D,105WFSG000000001000,100000,CNY,,,2023060119097101000650002382178
2031228700000000,80207071029,TRANSFER,,2023-06-01T11:45:54+08:00,531100,CNY,D,105WFSG000000001000,531100,CNY,,,2023060119097101000220002622888
2031228700000000,80207078860,TRANSFER,,2023-06-01T10:04:23+08:00,1600400,CNY,D,105WFSG000000001000,1600400,CNY,,,2023060119097101000820002600740
2031228700000000,80423436240,TRANSFER,,2023-06-01T16:53:29+08:00,530600,CNY,D,105WFSG000000001000,530600,CNY,,,2023060119097101000560002659480
2031228700000000,80100717200,TRANSFER,,2023-06-01T13:30:45+08:00,29300,CNY,D,105WFSG000000001000,29300,CNY,,,2023060119097101000020002625575
2031228700000000,80424775890,TRANSFER,,2023-06-01T21:22:08+08:00,2668800,CNY,D,105WFSG000000001000,2668800,CNY,,,2023060119097101000080002611510
2031228700000000,80190221001,TRANSFER,,2023-06-01T10:59:46+08:00,1599600,CNY,D,105WFSG000000001000,1599600,CNY,,,2023060119097101000240002647400
2031228700000000,80536442394,TRANSFER,,2023-06-01T19:50:54+08:00,947100,CNY,D,105WFSG000000001000,947100,CNY,,,2023060119097101000360002630630
2031228700000000,80186493036,TRANSFER,,2023-06-01T12:47:23+08:00,1597100,CNY,D,105WFSG000000001000,1597100,CNY,,,2023060119097101000920002622061
2031228700000000,80180662464,TRANSFER,,2023-06-01T17:27:34+08:00,104000,CNY,D,105WFSG000000001000,104000,CNY,,,2023060119097101000990002383205
2031228700000000,80533459837,TRANSFER,,2023-06-01T11:55:29+08:00,531100,CNY,D,105WFSG000000001000,531100,CNY,,,2023060119097101000270002376288
2031228700000000,80126614167,TRANSFER,,2023-06-01T17:32:23+08:00,210600,CNY,D,105WFSG000000001000,210600,CNY,,,2023060119097101000300002616769
2031228700000000,80193946714,TRANSFER,,2023-06-01T10:17:23+08:00,2667800,CNY,D,105WFSG000000001000,2667800,CNY,,,2023060119097101000140002614134
2031228700000000,80211599926,TRANSFER,,2023-06-01T11:32:38+08:00,1064600,CNY,D,105WFSG000000001000,1064600,CNY,,,2023060119097101000060002626122
2031228700000000,80108091646,TRANSFER,,2023-06-01T18:32:27+08:00,210700,CNY,D,105WFSG000000001000,210700,CNY,,,2023060119097101000890002428420
2031228700000000,80128775625,TRANSFER,,2023-06-01T14:17:45+08:00,1062900,CNY,D,105WFSG000000001000,1062900,CNY,,,2023060119097101000210002375924
2031228700000000,80507610524,TRANSFER,,2023-06-01T11:20:04+08:00,2667200,CNY,D,105WFSG000000001000,2667200,CNY,,,2023060119097101000700002602490
2031228700000000,80133206232,TRANSFER,,2023-06-01T17:06:04+08:00,1224700,CNY,D,105WFSG000000001000,1224700,CNY,,,2023060119097101000780002609563
2031228700000000,80513058696,TRANSFER,,2023-06-01T16:30:57+08:00,1836800,CNY,D,105WFSG000000001000,1836800,CNY,,,2023060119097101000330002374503
2031228700000000,80143147575,TRANSFER,,2023-06-01T17:16:59+08:00,637100,CNY,D,105WFSG000000001000,637100,CNY,,,2023060119097101000490002381333
2031228700000000,80256450695,TRANSFER,,2023-06-01T09:12:29+08:00,2131100,CNY,D,105WFSG000000001000,2131100,CNY,,,2023060119097101000260002633103
<END>